px,py,pz,nx,ny,nz
0.0560164,-0.0936813,2.75128,0.491681,0.85641,0.157517
0.886998,0.975362,0.065099,0.767697,0.640814,0
-0.102868,0.258397,2.97912,0.924275,0.381728,0
0.614923,0.163235,0.875965,-0.773956,0.0881898,-0.627068
-0.107979,0.270771,3.02915,0.924275,0.381728,0
0.183513,0.499756,1.64929,-0.474193,0.880421,0
0.800463,-0.589706,0.396565,0.789979,0.117168,-0.601834
-0.224419,0.783165,0.111544,-0.489406,0.0672521,0.869459
0.675059,-0.172421,2.51453,0.627139,0.397276,-0.669976
0.916247,-0.090054,2.31205,0.49332,0.869821,0.00685644
-0.553343,0.725544,0.182094,-0.651404,0.756706,0.0553993
0.82621,-0.525141,1.87984,0.932395,0.36144,0
0.192527,0.683883,0.426832,-0.079657,0.555963,-0.827382
0.599275,-0.139271,2.46424,-0.535137,0.844765,0
-0.184904,0.830042,0.130161,-0.489406,0.0672521,0.869459
0.614298,-0.034948,0.681891,0.392396,0.714423,-0.579332
-0.762967,0.400981,1.96244,-0.715134,0.698988,0
-0.553668,0.726354,0.167207,-0.651404,0.756706,0.0553993
0.782858,-0.513234,0.388343,0.789979,0.117168,-0.601834
0.293989,-0.493876,0.167922,0.930883,0.0582993,-0.360637
-0.310493,0.102017,1.00351,-0.8824,0.131459,-0.451762
-0.0101791,0.778169,2.79147,-0.484359,0.03399,-0.874209
0.565572,-0.50743,0.115456,0.844933,0.0569254,-0.531834
-0.331737,-0.12057,2.91043,0.2659,0.726084,-0.634113
-0.699951,0.943701,2.61981,0.00943253,0.0115855,-0.999888
-0.412939,-0.201763,0.0824851,-0.356875,0.131527,-0.924846
0.824654,-0.521127,1.90094,0.932395,0.36144,0
0.671646,-0.175036,2.50978,0.627139,0.397276,-0.669976
0.682194,-0.169296,2.52306,0.627139,0.397276,-0.669976
0.899619,0.589126,0.0323335,0.455263,0.648766,0.609785
0.829348,-0.533234,1.8413,0.932395,0.36144,0
0.829112,-0.532626,1.84433,0.932395,0.36144,0
0.825519,-0.523357,1.88922,0.932395,0.36144,0
0.18418,-0.402521,2.03769,-0.666508,0.0212923,0.745194
-0.835941,0.275767,2.77942,-0.911952,0.410298,0
0.437533,0.0521482,0.9526,-0.881272,0.416224,-0.223867
0.593828,-0.552838,0.155486,0.844933,0.0569254,-0.531834
-0.600362,0.71993,1.66033,0.286934,0.935873,-0.204478
0.895351,0.59888,0.0251418,0.455263,0.648766,0.609785
0.887747,-0.752547,2.14034,0.00400535,0.363943,-0.931413
-0.179712,0.650239,1.88237,0.88179,0.424423,-0.205698
0.689463,0.967489,2.9209,0.0178701,0.996692,-0.0792892
0.495871,0.0713487,2.82493,-0.376293,0.926501,0
0.00906183,0.776521,2.78075,-0.484359,0.03399,-0.874209
0.824549,-0.520855,1.90236,0.932395,0.36144,0
0.23076,0.444336,1.60935,0.826348,0.445069,0.345053
-0.0254634,0.780202,2.80002,-0.484359,0.03399,-0.874209
0.235019,-0.334277,1.18743,-0.090955,0.558557,0.824464
0.0390573,0.0985585,2.3928,0.258332,0.966056,0
-0.86007,0.735755,0.206469,0.186342,0.0999198,-0.977391
0.886739,0.618437,0.0107655,0.455263,0.648766,0.609785
-0.844764,0.256155,2.76662,-0.911952,0.410298,0
0.236483,-0.30713,1.16826,0.987,0.160722,0
-0.645171,0.724213,1.61706,0.286934,0.935873,-0.204478
-0.699702,0.943691,2.61981,0.00943253,0.0115855,-0.999888
0.854406,-0.055225,2.24408,-0.869841,0.493332,0
-0.560014,0.891101,1.0885,-0.210195,0.477937,-0.852874
-0.359563,-0.12654,2.89192,0.2659,0.726084,-0.634113
0.0114366,0.105945,2.362,0.258332,0.966056,0
-0.154336,0.502641,2.13347,-0.837393,0.421948,-0.347467
-0.431366,-0.195065,0.0905483,-0.356875,0.131527,-0.924846
-0.375744,-0.71695,1.3664,-0.414866,0.383222,-0.825244
-0.196915,0.779308,0.127324,-0.489406,0.0672521,0.869459
0.434855,0.0399454,0.940451,-0.881272,0.416224,-0.223867
0.581289,-0.532784,0.137711,0.844933,0.0569254,-0.531834
-0.943725,0.607132,2.7001,-0.516414,0.585415,-0.624985
-0.194062,0.461635,2.18024,-0.3103,0.156355,0.937692
-0.699663,0.943773,2.61981,0.00943252,0.0115855,-0.999888
-0.190283,0.825475,0.127486,-0.489406,0.0672521,0.869459
-0.360018,-0.126815,2.89203,-0.939015,0.343877,0
0.422508,-0.219909,0.366809,-0.559253,0.520102,-0.645547
-0.954503,0.467756,1.88279,-0.479759,0.369456,0.795822
0.185642,-0.40227,2.03899,-0.666508,0.0212923,0.745194
-0.559068,0.888879,1.08702,-0.210195,0.477937,-0.852874
-0.344849,-0.745744,1.3375,-0.414866,0.383222,-0.825244
0.916208,-0.0901113,2.32214,0.49332,0.869821,0.00685644
-0.114215,0.891068,1.48431,-0.492426,0.461847,-0.737709
-0.561539,0.894345,1.0907,-0.210195,0.477937,-0.852874
-0.183408,0.48328,2.18016,-0.3103,0.156355,0.937692
0.220766,-0.325864,1.18015,-0.090955,0.558557,0.824464
-0.152523,0.858443,0.146191,-0.489406,0.0672521,0.869459
-0.781657,0.665914,2.36679,0.992243,0.124316,0
-0.182849,0.649341,1.86707,0.88179,0.424423,-0.205698
0.0559022,-0.0940244,2.7535,0.491681,0.85641,0.157517
-0.964917,0.630044,2.73907,-0.516414,0.585415,-0.624985
-0.155388,-0.567608,0.266487,-0.310926,0.461897,0.830648
-0.778651,0.64192,2.38788,0.992243,0.124316,0
0.877811,0.639218,-0.00467889,0.455263,0.648766,0.609785
-0.359468,-0.732475,1.35101,-0.414866,0.383222,-0.825244
0.530202,-0.0054124,2.73755,0.92627,0.3762,0.0223081
-0.699807,0.94362,2.61981,0.00943252,0.0115855,-0.999888
-0.149787,0.514424,2.13729,0.449986,0.893036,0
0.595271,-0.55541,0.157503,0.844933,0.0569254,-0.531834
-0.203796,0.813652,0.120794,-0.489406,0.0672521,0.869459
0.192864,0.504793,1.61948,-0.474193,0.880421,0
0.432103,0.0279635,0.929008,-0.881272,0.416224,-0.223867
-0.884439,0.461132,1.80402,-0.630527,0.48556,-0.60553
0.64283,0.104557,0.833269,-0.773956,0.0881898,-0.627068
-0.13013,-0.605612,0.297074,-0.310926,0.461897,0.830648
-0.552772,0.725041,0.195682,-0.651404,0.756706,0.0553993
-0.840845,0.264867,2.77231,-0.911952,0.410298,0
-0.192035,0.465759,2.18022,-0.3103,0.156355,0.937692
-0.110624,0.923538,1.50224,-0.492426,0.461847,-0.737709
0.188923,0.50267,1.63204,-0.474193,0.880421,0
0.911572,-0.211416,1.67045,-0.0402573,0.999189,0
-0.849732,0.741433,0.209021,0.186342,0.0999198,-0.977391
-0.157129,0.239042,2.98923,-0.367749,0.890428,-0.26814
0.163215,-0.401458,2.0189,-0.666508,0.0212923,0.745194
0.00112966,0.827031,2.78767,0.070003,0.997547,0
0.641363,0.107606,0.835508,-0.773956,0.0881898,-0.627068
0.620693,0.171131,0.871108,0.113214,0.993571,0
0.000779223,0.778057,2.7854,-0.484359,0.03399,-0.874209
-0.572751,0.919802,1.10773,-0.210195,0.477937,-0.852874
0.495823,0.071329,2.82931,-0.376293,0.926501,0
-0.00125104,0.778334,2.78653,-0.484359,0.03399,-0.874209
-0.7361,0.973216,2.67321,0.631299,0.775396,0.0149398
0.611953,0.172126,0.882033,0.113214,0.993571,0
0.495827,0.0713308,2.82912,-0.376293,0.926501,0
-0.639495,0.723617,1.62229,0.286934,0.935873,-0.204478
0.495809,0.0713234,2.83039,-0.376293,0.926501,0
-0.113257,0.900515,1.48959,-0.492426,0.461847,-0.737709
-0.647608,0.724435,1.61466,0.286934,0.935873,-0.204478
0.829264,-0.533019,1.84238,0.932395,0.36144,0
-0.688221,0.730879,1.58716,0.286934,0.935873,-0.204478
-0.552269,0.724564,0.208102,-0.651404,0.756706,0.0553993
0.434599,0.0388537,0.939429,-0.881272,0.416224,-0.223867
0.897406,0.962894,0.0292448,0.767697,0.640814,0
-0.385031,-0.708802,1.37485,-0.414866,0.383222,-0.825244
0.419569,-0.217154,0.371575,-0.559253,0.520102,-0.645547
-0.572879,0.919869,1.10779,-0.210195,0.477937,-0.852874
0.902151,-0.211795,1.70036,-0.0402573,0.999189,0
0.704421,-0.92632,2.14141,-0.147475,0.976785,0.155376
-0.278489,0.0973248,0.939629,-0.8824,0.131459,-0.451762
-0.703512,0.945858,2.71608,0.631299,0.775396,0.0149398
-0.728605,0.966925,2.68302,0.631299,0.775396,0.0149398
-0.159338,0.243613,3.00744,-0.367749,0.890428,-0.26814
-0.652406,0.724914,1.61011,0.286934,0.935873,-0.204478
0.68273,0.96709,2.91436,0.0178701,0.996691,-0.0792892
0.228458,0.723556,0.450031,-0.079657,0.555963,-0.827382
-0.345385,-0.745324,1.33796,-0.414866,0.383222,-0.825244
-0.759072,0.307587,1.92318,0.361973,0.370334,-0.855469
0.606375,-0.134773,2.47355,-0.535137,0.844765,0
0.495857,0.0713429,2.82663,-0.376293,0.926501,0
-0.791824,0.371457,1.93801,-0.715134,0.698988,0
-0.0251644,0.779184,2.79981,-0.484359,0.03399,-0.874209
0.907096,-0.211596,1.68466,-0.0402573,0.999189,0
0.53226,-0.0110415,2.74706,0.92627,0.3762,0.0223081
-0.944655,0.60687,2.70062,-0.516414,0.585415,-0.624985
0.229469,0.442926,1.61426,0.826348,0.445069,0.345053
-0.146412,-0.581233,0.277423,-0.310926,0.461897,0.830648
0.235772,-0.302767,1.16523,0.987,0.160722,0
0.0554927,-0.0934919,2.75188,0.491681,0.85641,0.157517
0.274494,-0.448725,0.124898,0.930883,0.0582993,-0.360637
-0.157915,0.240392,2.99479,-0.367749,0.890428,-0.26814
-0.968412,0.449697,1.88279,-0.479759,0.369456,0.795823
-0.277736,0.0970096,0.938066,-0.8824,0.131459,-0.451762
0.868859,-0.751833,2.14054,0.00400535,0.363943,-0.931413
0.893508,-0.752551,2.14036,0.00400535,0.363943,-0.931413
0.905857,-0.211646,1.68859,-0.0402573,0.999189,0
0.13155,-0.351652,1.98851,0.0319298,0.99949,0
-0.95623,0.62056,2.72301,-0.516414,0.585415,-0.624985
-0.964445,0.62992,2.73857,-0.516414,0.585415,-0.624985
-0.730125,0.337575,1.94841,0.361973,0.370334,-0.855469
0.0402588,0.0982372,2.39414,0.258332,0.966056,0
-0.177692,0.651429,1.89349,0.88179,0.424423,-0.205698
0.622506,-0.0196869,0.70627,0.392396,0.714423,-0.579332
-0.285182,0.0981699,0.952947,-0.8824,0.131459,-0.451762
-0.406705,-0.136705,0.0893318,-0.356875,0.131527,-0.924846
0.909344,-0.211506,1.67753,-0.0402573,0.999189,0
0.907717,-0.23735,1.68846,0.949887,0.0382709,0.310242
0.687655,0.96727,2.91773,0.0178701,0.996692,-0.0792892
0.634207,0.122885,0.846489,-0.773956,0.0881898,-0.627068
0.705095,-0.928707,2.15705,-0.147475,0.976785,0.155376
0.532929,-0.0126865,2.74702,0.92627,0.3762,0.0223081
0.264143,-0.424924,0.102028,0.930883,0.0582993,-0.360637
0.236543,-0.307499,1.16852,0.987,0.160722,0
0.410336,-0.208832,0.386278,-0.559253,0.520102,-0.645547
0.894697,-0.752559,2.14036,0.00400535,0.363943,-0.931413
-0.108069,0.270989,3.03004,0.924275,0.381728,0
-0.128032,-0.608385,0.299401,-0.310926,0.461897,0.830648
0.916726,-0.0904102,2.32276,0.49332,0.869821,0.00685644
0.619177,-0.541289,0.198592,0.530631,0.03575,0.846848
0.868967,-0.751816,2.14054,0.00400535,0.363943,-0.931413
-0.155425,0.517265,2.15487,0.449985,0.893036,0
0.75393,-0.544779,1.91845,-0.0758361,0.195632,0.977741
0.92879,0.411899,1.9786,-0.364992,0.931011,0
-0.760344,0.306538,1.92219,0.361973,0.370334,-0.855469
-0.114138,0.891708,1.48466,-0.492426,0.461847,-0.737709
-0.386279,-0.707786,1.37595,-0.414866,0.383222,-0.825244
-0.69961,0.943465,2.61981,0.00943253,0.0115855,-0.999888
0.427613,0.0435332,0.979541,-0.202425,0.0956052,0.97462
0.923782,0.409935,1.98843,-0.364992,0.931011,0
0.232701,0.444432,1.60458,0.826348,0.445069,0.345053
-0.000488658,0.109133,2.3487,0.258332,0.966056,0
0.175269,0.495316,1.67557,-0.474193,0.880421,0
0.684926,0.967315,2.91769,0.0178701,0.996691,-0.0792892
-0.157824,0.24007,2.9936,-0.367749,0.890428,-0.26814
-0.741105,0.976999,2.6584,-0.775482,0.63137,0
-0.638297,0.723524,1.62355,0.286934,0.935873,-0.204478
-0.175983,0.652088,1.90217,0.88179,0.424423,-0.205698
-0.960477,0.459996,1.8828,-0.479759,0.369456,0.795822
0.823673,0.92555,0.0688783,-0.581031,0.696076,-0.42176
0.964954,0.426076,1.90957,-0.364992,0.931011,0
0.62017,-0.556038,0.198593,0.530631,0.03575,0.846848
0.78313,-0.512933,0.38876,0.789979,0.117168,-0.601834
0.704917,-0.927186,2.14732,-0.147475,0.976785,0.155376
0.766389,-0.539954,1.91845,-0.0758361,0.195632,0.977741
0.681451,0.967113,2.91436,0.0178701,0.996692,-0.0792892
0.916684,-0.0901965,2.29872,0.49332,0.869821,0.00685644
-0.650021,0.724646,1.61223,0.286934,0.935873,-0.204478
0.272339,-0.49756,0.111443,0.930883,0.0582993,-0.360637
-0.104593,0.262575,2.99601,0.924275,0.381728,0
0.909274,-0.75258,2.14042,0.00400535,0.363943,-0.931413
-0.150586,-0.574745,0.272253,-0.310926,0.461897,0.830648
-0.627462,0.722522,1.63417,0.286934,0.935873,-0.204478
0.437908,0.0536624,0.953939,-0.881272,0.416224,-0.223867
0.681968,0.967133,2.91473,0.0178701,0.996691,-0.0792892
-0.794801,0.368411,1.93549,-0.715134,0.698988,0
0.752992,-0.532286,0.345432,0.789979,0.117168,-0.601834
0.66003,0.876224,0.769561,0.179584,0.794465,-0.580151
-0.942127,0.483824,1.8828,-0.479759,0.369456,0.795822
0.874811,0.646097,-0.00975801,0.455263,0.648766,0.609785
0.167512,0.656383,0.410762,-0.079657,0.555963,-0.827382
-0.11653,0.873733,1.475,-0.492426,0.461847,-0.737709
0.881869,0.981507,0.0827619,0.767697,0.640813,0
-0.176819,0.651905,1.89821,0.88179,0.424423,-0.205698
-0.554756,0.727495,0.138829,-0.651404,0.756706,0.0553993
0.630597,-0.00543341,0.729328,0.392396,0.714423,-0.579332
0.440223,0.0645229,0.965016,-0.881272,0.416224,-0.223867
-0.13088,-0.604699,0.296285,-0.310926,0.461897,0.830648
-0.208436,0.781031,0.120706,-0.489406,0.0672521,0.869459
-0.318543,-0.117715,2.91923,0.2659,0.726084,-0.634113
0.905104,-0.211676,1.69099,-0.0402573,0.999189,0
-0.736509,0.973557,2.67279,0.631299,0.775396,0.0149398
0.586201,-0.540847,0.144652,0.844933,0.0569254,-0.531834
0.907734,-0.237402,1.68842,0.949887,0.0382709,0.310242
0.795257,-0.511154,0.405023,0.789979,0.117168,-0.601834
-0.65378,0.725055,1.60883,0.286934,0.935873,-0.204478
0.399618,-0.198812,0.403637,-0.559253,0.520102,-0.645547
-0.699802,0.943434,2.61981,0.00943253,0.0115855,-0.999888
0.431727,0.0266251,0.928001,-0.881272,0.416224,-0.223867
-0.373239,-0.719523,1.36395,-0.414866,0.383222,-0.825244
0.183965,0.5,1.64784,-0.474193,0.880421,0
-0.779491,0.648628,2.38199,0.992243,0.124316,0
0.192498,-0.402406,2.04512,-0.666508,0.0212923,0.745194
-0.971614,0.44554,1.88279,-0.479759,0.369456,0.795822
-0.390124,-0.176729,0.0772416,-0.356875,0.131527,-0.924846
-0.177676,0.836398,0.133738,-0.489406,0.0672521,0.869459
-0.731505,0.335975,1.94713,0.361973,0.370334,-0.855469
-0.921575,0.702769,0.191371,0.186342,0.0999198,-0.977391
0.229641,0.442744,1.61408,0.826348,0.445069,0.345053
0.00624308,0.826672,2.78483,0.070003,0.997547,0
-0.847494,0.74243,0.20955,0.186342,0.0999198,-0.977391
-0.699583,0.943711,2.61981,0.00943253,0.0115855,-0.999888
0.634943,0.881741,0.769351,0.179584,0.794465,-0.580151
0.623314,0.145777,0.863153,-0.773956,0.0881898,-0.627068
0.916649,-0.0902964,2.31388,0.49332,0.869821,0.00685644
0.426487,0.00327728,0.905219,-0.881272,0.416224,-0.223867
0.925788,0.410722,1.98449,-0.364992,0.931011,0
-0.157671,0.240199,2.99382,-0.367749,0.890428,-0.26814
0.957312,0.42308,1.92423,-0.364992,0.931011,0
-0.552461,0.724821,0.202335,-0.651404,0.756706,0.0553993
0.67611,-0.930672,2.1396,-0.0231958,0.153635,-0.987855
-0.553742,0.725925,0.172203,-0.651404,0.756706,0.0553993
0.531915,-0.00991514,2.74238,0.92627,0.3762,0.0223081
0.495791,0.0713159,2.83224,-0.376293,0.926501,0
-0.839306,0.268286,2.77454,-0.911952,0.410298,0
0.763683,-0.921623,2.16546,0.988794,0.149288,0
0.621242,-0.0224129,0.702053,0.392396,0.714423,-0.579332
-0.0258662,0.779119,2.8002,-0.484359,0.03399,-0.874209
0.195446,0.687266,0.428825,-0.079657,0.555963,-0.827382
0.182846,0.499397,1.65141,-0.474193,0.880421,0
0.898513,0.961568,0.0254389,0.767697,0.640814,0
0.910391,-0.211463,1.6742,-0.0402573,0.999189,0
0.916343,-0.0899894,2.29693,0.49332,0.869821,0.00685644
-0.924901,0.700888,0.190545,0.186342,0.0999198,-0.977391
0.676616,-0.171618,2.51646,0.627139,0.397276,-0.669976
0.232111,0.727381,0.45225,-0.079657,0.555963,-0.827381
-0.454112,-0.186628,0.100525,-0.356875,0.131527,-0.924846
0.149897,-0.352238,2.00494,0.0319298,0.99949,0
-0.711897,0.952898,2.70502,0.631299,0.775396,0.0149398
-0.414596,-0.11774,0.0950738,-0.356875,0.131527,-0.924846
0.88155,0.981889,0.0838634,0.767697,0.640814,0
-0.765154,0.301829,1.91811,0.361973,0.370334,-0.855469
0.607293,-0.574702,0.174538,0.844933,0.0569254,-0.531834
-0.406371,-0.204175,0.0796078,-0.356875,0.131527,-0.924846
-0.193868,0.822258,0.125717,-0.489406,0.0672521,0.869459
-0.74094,0.977203,2.64109,-0.775482,0.63137,0
0.0547941,-0.0946011,2.76009,0.491681,0.85641,0.157517
-0.729218,0.967426,2.68289,0.631299,0.775396,0.0149398
-0.677309,0.727326,1.58621,0.286934,0.935873,-0.204478
0.682215,0.967149,2.91499,0.0178701,0.996691,-0.0792892
-0.334963,-0.754648,1.32839,-0.414866,0.383222,-0.825244
-0.740749,0.977437,2.62079,-0.775482,0.63137,0
0.61809,0.171427,0.87436,0.113214,0.993571,0
-0.757135,0.309983,1.92504,0.361973,0.370334,-0.855469
0.854407,-0.0552224,2.24444,-0.869841,0.493332,0
-0.909354,0.480325,1.84535,-0.630527,0.48556,-0.60553
-0.951943,0.47108,1.88279,-0.479759,0.369456,0.795822
-0.70341,0.945779,2.71585,0.631299,0.775396,0.0149398
-0.107587,0.948568,1.51589,-0.492426,0.461847,-0.737709
-0.174722,0.903652,1.53367,-0.538078,0.504665,0.675119
0.916576,-0.0901416,2.29947,0.49332,0.869821,0.00685644
-0.366651,-0.144929,2.86852,-0.939015,0.343877,0
-0.712253,0.953189,2.70492,0.631299,0.775396,0.0149398
0.495868,0.0713472,2.82485,-0.376293,0.926501,0
-0.146274,-0.581149,0.277428,-0.310926,0.461897,0.830648
-0.709469,0.950853,2.70852,0.631299,0.775396,0.0149398
0.911558,-0.22321,1.67496,0.949887,0.0382709,0.310242
-0.661172,0.725748,1.60163,0.286934,0.935873,-0.204478
-0.959692,0.625325,2.73034,-0.516414,0.585415,-0.624985
0.652769,0.167476,0.831004,0.113214,0.993571,0
0.534634,-0.0170707,2.75014,0.92627,0.3762,0.0223081
0.235808,-0.302986,1.16538,0.987,0.160722,0
-0.201632,0.779996,0.124616,-0.489406,0.0672521,0.869459
-0.793001,0.370254,1.93702,-0.715134,0.698988,0
0.586422,-0.541193,0.144967,0.844933,0.0569254,-0.531834
0.0142197,0.776279,2.77788,-0.484359,0.03399,-0.874209
0.192812,0.684474,0.427202,-0.079657,0.555963,-0.827382
-0.601874,0.897284,1.10228,-0.210195,0.477937,-0.852874
0.86874,-0.751612,2.14062,0.00400535,0.363943,-0.931413
0.869007,-0.75189,2.14051,0.00400535,0.363943,-0.931413
0.927506,0.411395,1.9811,-0.364992,0.931011,0
0.683817,-0.166797,2.52606,0.627139,0.397276,-0.669976
0.495736,0.0712936,2.83611,-0.376293,0.926501,0
0.904762,-0.21169,1.69207,-0.0402573,0.999189,0
-0.83364,0.280881,2.78276,-0.911952,0.410298,0
0.926076,0.410835,1.98391,-0.364992,0.931011,0
-0.717421,0.95753,2.69804,0.631299,0.775396,0.0149398
0.916747,-0.0903831,2.31779,0.49332,0.869821,0.00685644
0.900635,0.959025,0.0181255,0.767697,0.640814,0
0.824344,-0.520328,1.90513,0.932395,0.36144,0
0.674721,-0.930893,2.13959,-0.0231958,0.153635,-0.987855
-0.104539,0.262443,2.99547,0.924275,0.381728,0
0.682139,-0.929698,2.13961,-0.0231958,0.153635,-0.987855
-0.345619,-0.745305,1.33809,-0.414866,0.383222,-0.825244
-0.79071,0.372597,1.93896,-0.715134,0.698988,0
0.532225,-0.0109559,2.74704,0.92627,0.3762,0.0223081
-0.901215,0.473791,1.83164,-0.630527,0.48556,-0.60553
-0.747874,0.319533,1.93309,0.361973,0.370334,-0.855469
-0.946701,0.6095,2.70478,-0.516414,0.585415,-0.624985
-0.160655,0.455051,2.09091,-0.837393,0.421948,-0.347467
-0.55491,0.727599,0.135599,-0.651404,0.756706,0.0553993
-0.946401,0.47828,1.88279,-0.479759,0.369456,0.795822
0.00665419,0.776918,2.7821,-0.484359,0.03399,-0.874209
0.750944,-0.545937,1.91845,-0.0758361,0.195632,0.977741
0.233019,-0.285862,1.15347,0.987,0.160722,0
0.241067,-0.335283,1.18784,0.987,0.160722,0
-0.741107,0.976997,2.6586,-0.775482,0.63137,0
0.667115,-0.17777,2.50392,0.627139,0.397276,-0.669976
0.82921,0.918962,0.0503765,-0.581031,0.696076,-0.42176
0.746257,-0.524144,0.338176,0.789979,0.117168,-0.601834
0.534069,-0.0157183,2.75081,0.92627,0.3762,0.0223081
0.0212202,0.103328,2.37291,0.258332,0.966056,0
0.441389,0.0734527,0.979467,-0.202425,0.0956052,0.97462
0.226998,0.721952,0.449094,-0.079657,0.555963,-0.827382
0.587294,-0.542561,0.146206,0.844933,0.0569254,-0.531834
-0.15541,0.924524,1.53346,-0.538078,0.504665,0.675119
0.683096,-0.168681,2.52427,0.627139,0.397276,-0.669976
0.92141,0.409005,1.99309,-0.364992,0.931011,0
0.635739,0.119829,0.844169,-0.773956,0.0881898,-0.627068
0.868636,-0.751645,2.14061,0.00400535,0.363943,-0.931413
0.821455,0.928337,0.0765328,-0.581031,0.696076,-0.42176
0.889676,0.61195,0.015474,0.455263,0.648766,0.609785
-0.940917,0.485401,1.88279,-0.479759,0.369456,0.795822
-0.893424,0.468054,1.81893,-0.630527,0.48556,-0.60553
0.0561525,-0.0925843,2.74489,0.491681,0.85641,0.157517
-0.160507,0.247259,3.02115,-0.367749,0.890428,-0.26814
-0.1165,0.8737,1.47496,-0.492426,0.461847,-0.737709
-0.369156,-0.723351,1.36012,-0.414866,0.383222,-0.825244
0.177744,-0.402385,2.03193,-0.666508,0.0212923,0.745194
0.678977,0.967271,2.91579,0.0178701,0.996691,-0.0792892
0.193607,0.505193,1.61711,-0.474193,0.880421,0
0.905153,-0.247698,1.69759,0.949887,0.0382709,0.310242
0.879991,0.983757,0.0892318,0.767697,0.640814,0
0.436077,0.0455433,0.94605,-0.881272,0.416224,-0.223867
-0.777868,0.635677,2.39337,0.992243,0.124316,0
0.232655,0.728428,0.452901,-0.079657,0.555963,-0.827382
-0.953442,0.616776,2.71716,-0.516414,0.585415,-0.624985
0.438185,0.066497,0.979484,-0.202425,0.0956052,0.97462
0.927657,0.411454,1.9808,-0.364992,0.931011,0
-0.156008,0.236539,2.97938,-0.367749,0.890428,-0.26814
-0.481711,0.783664,0.213923,0.757869,0.652406,0
0.922014,0.409242,1.99192,-0.364992,0.931011,0
-0.759362,0.307654,1.92309,0.361973,0.370334,-0.855469
0.90739,-0.239493,1.68973,0.949887,0.0382709,0.310242
0.880705,0.982901,0.086775,0.767697,0.640814,0
0.234274,0.445836,1.599,0.826348,0.445069,0.345053
-0.171558,0.654423,1.92596,0.88179,0.424423,-0.205698
0.738502,-0.550765,1.91845,-0.0758361,0.195632,0.977741
-0.850289,0.741004,0.208871,0.186342,0.0999198,-0.977391
0.750281,-0.528848,0.342543,0.789979,0.117168,-0.601834
-0.297629,0.10014,0.977834,-0.8824,0.131459,-0.451762
-0.740151,0.976601,2.66872,0.631299,0.775396,0.0149398
0.599623,-0.139051,2.4647,-0.535137,0.844765,0
0.171147,-0.402149,2.02602,-0.666508,0.0212923,0.745194
-0.161837,-0.558713,0.259126,-0.310926,0.461897,0.830648
-0.782789,0.674952,2.35885,0.992243,0.124316,0
-0.159408,0.244374,3.01006,-0.367749,0.890428,-0.26814
-0.174661,0.65276,1.90923,0.88179,0.424423,-0.205698
0.160203,-0.290721,1.14966,-0.090955,0.558557,0.824464
-0.0229575,0.828722,2.80109,0.0700031,0.997547,0
0.191236,-0.402688,2.044,-0.666508,0.0212923,0.745194
0.260521,-0.49835,0.080809,0.930883,0.0582993,-0.360637
0.188314,-0.402337,2.04138,-0.666508,0.0212923,0.745194
0.868544,-0.75175,2.14057,0.00400535,0.363943,-0.931413
-0.118288,0.857472,1.466,-0.492426,0.461847,-0.737709
0.534768,-0.0174334,2.75069,0.92627,0.3762,0.0223081
0.911066,-0.211436,1.67205,-0.0402573,0.999189,0
-0.433023,-0.194117,0.0913225,-0.356875,0.131527,-0.924846
-0.178894,0.835242,0.133141,-0.489406,0.0672521,0.869459
-0.104304,0.261873,2.99318,0.924275,0.381728,0
-0.680641,0.727648,1.58301,0.286934,0.935873,-0.204478
0.647138,0.0959751,0.826744,-0.773956,0.0881898,-0.627068
-0.404523,-0.142096,0.0877235,-0.356875,0.131527,-0.924846
0.579079,-0.528924,0.134614,0.844933,0.0569254,-0.531834
-0.893917,0.717587,0.198159,0.186342,0.0999198,-0.977391
0.823778,0.925737,0.0690415,-0.58103,0.696076,-0.42176
0.678434,0.966773,2.90941,0.0178701,0.996692,-0.0792892
-0.665858,0.726218,1.59721,0.286934,0.935873,-0.204478
0.239226,0.447922,1.58445,0.826348,0.445069,0.345053
0.22177,0.716338,0.445825,-0.079657,0.555963,-0.827382
0.132454,-0.351681,1.98932,0.0319298,0.99949,0
0.682963,-0.168496,2.52425,0.627139,0.397276,-0.669976
0.239545,-0.325938,1.18134,0.987,0.160722,0
0.89363,-0.752554,2.14036,0.00400535,0.363943,-0.931413
-0.439595,-0.192114,0.0941432,-0.356875,0.131527,-0.924846
-0.11203,0.910126,1.49478,-0.492426,0.461847,-0.737709
-0.699626,0.94367,2.61981,0.00943252,0.0115855,-0.999888
0.680679,0.967134,2.91445,0.0178701,0.996691,-0.0792892
-0.36947,-0.723133,1.36038,-0.414866,0.383222,-0.825244
-0.362118,-0.730182,1.35341,-0.414866,0.383222,-0.825244
0.923831,0.409954,1.98832,-0.364992,0.931011,0
0.679472,-0.169467,2.52041,0.627139,0.397276,-0.669976
-0.0125434,0.778203,2.79278,-0.484359,0.03399,-0.874209
0.925121,0.41046,1.9858,-0.364992,0.931011,0
-0.0279637,0.780195,2.8014,-0.484359,0.03399,-0.874209
0.763884,-0.922954,2.174,0.988794,0.149288,0
0.438985,0.0589864,0.959597,-0.881272,0.416224,-0.223867
0.830765,-0.53689,1.82303,0.932395,0.36144,0
-0.591585,0.918316,1.11154,-0.210195,0.477937,-0.852874
0.145761,-0.352106,2.00123,0.0319298,0.99949,0
0.916593,-0.0901495,2.29925,0.49332,0.869821,0.00685644
-0.108751,0.937085,1.50947,-0.492426,0.461847,-0.737709
0.676032,-0.172348,2.51548,0.627139,0.397276,-0.669976
0.759767,-0.516516,0.357395,0.789979,0.117168,-0.601834
0.125061,-0.351445,1.9827,0.0319298,0.99949,0
-0.291854,0.175806,0.988571,-0.8824,0.131459,-0.451762
-0.718675,0.958579,2.69654,0.631299,0.775396,0.0149398
0.615948,-0.0314928,0.68727,0.392396,0.714423,-0.579332
-0.611394,0.877364,1.09347,-0.210195,0.477937,-0.852874
0.678673,0.967022,2.91259,0.0178701,0.996691,-0.0792892
-0.553682,0.726367,0.166864,-0.651404,0.756706,0.0553993
-0.106453,0.267078,3.01422,0.924275,0.381728,0
0.224976,0.719813,0.447852,-0.079657,0.555963,-0.827381
-0.0107965,0.827868,2.79431,0.0700031,0.997547,0
0.641958,0.106367,0.8346,-0.773956,0.0881898,-0.627068
0.8851,0.977636,0.0716369,0.767697,0.640814,0
-0.340978,-0.749508,1.3338,-0.414866,0.383222,-0.825244
0.00943471,0.10648,2.35977,0.258332,0.966056,0
-0.152082,0.773317,0.153024,-0.489406,0.0672521,0.869459
-0.481644,0.783587,0.215798,0.757869,0.652406,0
0.53161,-0.00932586,2.74508,0.92627,0.3762,0.0223081
0.89745,0.962841,0.0290941,0.767697,0.640814,0
0.4516,0.0956326,0.979412,-0.202425,0.0956052,0.97462
0.82452,-0.52078,1.90277,0.932395,0.36144,0
0.220493,0.438568,1.64138,0.826348,0.44507,0.345053
-0.154557,-0.569006,0.267575,-0.310926,0.461897,0.830648
-0.484735,0.787177,0.130374,0.757869,0.652406,0
-0.163958,0.848385,0.140532,-0.489406,0.0672521,0.869459
0.618333,-0.528764,0.198593,0.530631,0.03575,0.846849
0.44949,0.0910486,0.979423,-0.202425,0.0956052,0.97462
0.529772,-0.00449002,2.73987,0.92627,0.3762,0.0223081
-0.961392,0.625779,2.73217,-0.516414,0.585415,-0.624985
0.914302,-0.75259,2.14043,0.00400535,0.363943,-0.931413
-0.282153,0.0976834,0.946889,-0.8824,0.131459,-0.451762
0.531668,-0.0092953,2.74216,0.92627,0.3762,0.0223081
-0.964009,0.62873,2.73709,-0.516414,0.585415,-0.624985
-0.0184633,0.779114,2.7961,-0.484359,0.03399,-0.874209
-0.210549,0.807667,0.117456,-0.489406,0.0672521,0.869459
0.177257,-0.300481,1.15816,-0.090955,0.558557,0.824464
-0.363323,-0.728298,1.35489,-0.414866,0.383222,-0.825244
0.197188,-0.403265,2.04934,-0.666508,0.0212923,0.745194
0.531636,-0.00939642,2.74519,0.92627,0.3762,0.0223081
0.60406,-0.13624,2.47052,-0.535137,0.844765,0
-0.147784,0.513415,2.13105,0.449985,0.893036,0
-0.699769,0.943461,2.61981,0.00943252,0.0115855,-0.999888
-0.149113,0.514085,2.13519,0.449985,0.893036,0
0.914055,-0.213555,1.66612,0.949887,0.0382709,0.310242
0.0107657,0.777692,2.77985,-0.484359,0.03399,-0.874209
0.269463,-0.437141,0.113785,0.930883,0.0582993,-0.360637
-0.310856,0.102016,1.00421,-0.8824,0.131459,-0.451762
-0.766339,0.300204,1.91691,0.361973,0.370334,-0.855469
-0.684291,0.727936,1.5792,0.286934,0.935873,-0.204478
-0.422928,-0.198307,0.0868313,-0.356875,0.131527,-0.924846
0.535551,-0.01954,2.75371,0.92627,0.3762,0.0223081
-0.140282,-0.590765,0.285018,-0.310926,0.461897,0.830648
0.621036,-0.0224121,0.701914,0.392396,0.714423,-0.579332
0.915587,-0.089694,2.3139,0.49332,0.869821,0.00685644
-0.702358,0.944885,2.71779,0.631299,0.775396,0.0149398
0.224639,0.440666,1.62874,0.826348,0.445069,0.345053
-0.55321,0.725109,0.189606,-0.651404,0.756706,0.0553993
0.611671,0.169617,0.880877,-0.773956,0.0881898,-0.627068
-0.952187,0.470763,1.88279,-0.479759,0.369456,0.795823
-0.73933,0.975915,2.66957,0.631299,0.775396,0.0149398
-0.388563,-0.21086,0.0717854,-0.356875,0.131527,-0.924846
-0.153943,0.773412,0.151969,-0.489406,0.0672521,0.869459
-0.182785,0.648963,1.86657,0.88179,0.424423,-0.205698
0.900659,-0.211856,1.7051,-0.0402573,0.999189,0
-0.342334,-0.748137,1.33512,-0.414866,0.383222,-0.825244
-0.736223,0.331192,1.94307,0.361973,0.370334,-0.855469
-0.149725,0.514393,2.1371,0.449986,0.893036,0
0.916814,-0.0902647,2.29799,0.49332,0.869821,0.00685644
0.678376,-0.930307,2.1396,-0.0231958,0.153635,-0.987855
0.620463,-0.560364,0.198592,0.530631,0.03575,0.846848
-0.334144,-0.755172,1.32774,-0.414866,0.383222,-0.825244
0.687346,0.967363,2.91884,0.0178701,0.996692,-0.0792892
-0.625679,0.847744,1.08039,-0.210195,0.477937,-0.852874
-0.837208,0.27295,2.77758,-0.911952,0.410298,0
0.157009,-0.352465,2.01131,0.0319298,0.99949,0
-0.280605,0.136235,0.955084,-0.8824,0.131459,-0.451762
0.830288,-0.535661,1.82918,0.932395,0.36144,0
-0.653518,0.725022,1.60905,0.286934,0.935873,-0.204478
-0.957362,0.621664,2.72498,-0.516414,0.585415,-0.624985
0.624969,0.14203,0.860583,-0.773956,0.0881898,-0.627068
0.495883,0.0713535,2.8239,-0.376293,0.926501,0
-0.294356,-0.112369,2.93549,0.2659,0.726084,-0.634113
0.672725,-0.17465,2.51102,0.627139,0.397276,-0.669976
0.895656,0.598184,0.0256556,0.455263,0.648766,0.609785
-0.201641,0.446237,2.1803,-0.3103,0.156355,0.937692
-0.375477,-0.716903,1.36629,-0.414866,0.383222,-0.825244
0.495772,0.0713084,2.83423,-0.376293,0.926501,0
0.623419,0.884277,0.769256,0.179584,0.794465,-0.580151
0.153044,-0.352339,2.00776,0.0319298,0.99949,0
0.792691,-0.58015,0.388223,0.789979,0.117168,-0.601834
0.915865,-0.0898675,2.31585,0.49332,0.869821,0.00685644
0.916025,-0.0898165,2.29791,0.49332,0.869821,0.00685644
-0.159294,0.244447,3.01015,-0.367749,0.890428,-0.26814
-0.550125,0.868435,1.07336,-0.210195,0.477937,-0.852874
-0.400138,-0.206645,0.0768513,-0.356875,0.131527,-0.924846
-0.74085,0.977313,2.63155,-0.775482,0.63137,0
0.86866,-0.751585,2.14063,0.00400535,0.363943,-0.931413
0.854432,-0.0551791,2.23617,-0.869841,0.493332,0
0.671778,-0.174791,2.51005,0.627139,0.397276,-0.669976
0.904743,-0.248768,1.69898,0.949887,0.0382709,0.310242
-0.955044,0.619776,2.7213,-0.516414,0.585415,-0.624985
0.704758,-0.925997,2.13969,-0.147475,0.976785,0.155376
0.616961,-0.508408,0.198593,0.530631,0.03575,0.846848
-0.483135,0.785318,0.174579,0.757869,0.652406,0
0.130283,-0.351612,1.98737,0.0319298,0.99949,0
-0.312854,0.102374,1.00822,-0.8824,0.131459,-0.451762
-0.704316,0.946526,2.71538,0.631299,0.775396,0.0149398
0.0388499,0.098614,2.39257,0.258332,0.966056,0
-0.293407,0.181131,0.993154,-0.8824,0.131459,-0.451762
0.682511,0.967398,2.91819,0.0178701,0.996691,-0.0792892
-0.484326,0.786702,0.141687,0.757869,0.652406,0
-0.206107,0.78065,0.122047,-0.489406,0.0672521,0.869459
0.837532,0.908821,0.0221758,-0.581031,0.696076,-0.42176
0.681251,-0.169723,2.52192,0.627139,0.397276,-0.669976
0.622298,0.147311,0.864623,-0.773956,0.0881898,-0.627068
0.670516,-0.175434,2.50849,0.627139,0.397276,-0.669976
0.829977,-0.534859,1.83318,0.932395,0.36144,0
-0.407701,-0.134501,0.0900298,-0.356875,0.131527,-0.924846
-0.303826,-0.11457,2.929,0.2659,0.726084,-0.634113
0.0200678,0.103636,2.37162,0.258332,0.966056,0
0.605668,-0.571948,0.17225,0.844933,0.0569254,-0.531834
-0.553149,0.725226,0.188716,-0.651404,0.756706,0.0553993
0.869029,-0.751661,2.1406,0.00400535,0.363943,-0.931413
0.67931,0.96709,2.91359,0.0178701,0.996691,-0.0792892
0.436327,0.0464749,0.946796,-0.881272,0.416224,-0.223867
-0.84322,0.259587,2.76886,-0.911952,0.410298,0
-0.881933,0.723934,0.201093,0.186342,0.0999198,-0.977391
0.229954,0.443581,1.61225,0.826348,0.445069,0.345053
0.669685,-0.176996,2.50678,0.627139,0.397276,-0.669976
0.77029,-0.538437,1.91845,-0.0758361,0.195632,0.977741
0.277526,-0.497232,0.124884,0.930883,0.0582993,-0.360637
0.635491,0.11981,0.844472,-0.773956,0.0881898,-0.627068
-0.10784,0.270436,3.02779,0.924275,0.381728,0
0.239092,-0.323152,1.1794,0.987,0.160722,0
0.817676,0.93271,0.0889566,-0.581031,0.696076,-0.42176
0.391319,-0.19122,0.416942,-0.559253,0.520102,-0.645547
0.192734,0.504723,1.6199,-0.474193,0.880421,0
0.868603,-0.751549,2.14065,0.00400535,0.363943,-0.931413
-0.172985,0.653605,1.91815,0.88179,0.424423,-0.205698
0.0567297,-0.0934255,2.74766,0.491681,0.85641,0.157517
-0.778043,0.637068,2.39215,0.992243,0.124316,0
-0.60474,0.720345,1.65609,0.286934,0.935873,-0.204478
-0.953646,0.618177,2.71864,-0.516414,0.585415,-0.624985
0.867789,0.662356,-0.0218132,0.455263,0.648766,0.609785
-0.114748,0.888815,1.48326,-0.492426,0.461847,-0.737709
-0.621917,0.855491,1.0838,-0.210195,0.477937,-0.852874
# Fitted VMF mean direction: 0.0466489,0.935218,-0.350987
# Fitted VMF kappa: 1.96303
# Fitted Gaussian mean: 0.092211,0.204216,1.60784
# Fitted Gaussian covariance: 0.359249,-0.139303,-0.0470335;-0.139303,0.301207,0.0287127;-0.0470335,0.0287127,0.928756
