px,py,pz,nx,ny,nz,weight
0.286744,0.813811,0.193784,-0.433121,0.780493,-0.450817,0.00182244
-0.656766,0.735883,1.60008,0.90785,0.382156,-0.172528,0.00092032
0.0725262,-0.51509,2.33433,-0.799112,0.391115,0.456562,0.00147186
0.451163,0.617647,2.42651,0.41286,0.910795,0,1.27925e-06
-0.586954,0.492663,1.91542,-0.985423,0.170125,0,1.29811e-05
0.688755,-0.487894,0.417765,0.269083,0.205678,-0.940899,0.0030376
0.277202,0.834802,0.240452,-0.218748,0.394189,0.892616,1.61472e-05
0.200682,-0.60309,2.97106,0.0955267,0.447504,0.889165,8.23428e-06
-0.13807,0.670971,1.89803,0.67144,0.741059,0,6.78936e-06
-0.195429,0.860679,1.7255,-0.279419,0.488319,0.826722,1.48858e-05
-0.744191,-0.0668923,1.17553,0.786652,0.617396,0,1.29327e-05
0.91807,0.70369,2.30227,-0.502213,0.864744,0,1.21163e-05
-0.607876,0.929579,2.00112,-0.269768,0.600695,-0.75259,3.6897e-05
0.82749,0.648512,0.487295,0.0374134,0.0591811,-0.997546,1.26749e-05
0.459284,-0.830441,1.13544,0.0734488,0.0370821,-0.996609,1.87676e-05
0.76634,-0.035125,2.72494,0.271115,0.340603,0.90027,0.00123327
-0.170343,0.867424,0.144039,0.436977,0.899473,0,2.96461e-06
0.00965274,0.998655,2.2917,0.700941,0.0533992,-0.711218,1.53337e-05
0.0592725,0.732646,1.49573,-0.535854,0.444062,0.718101,1.6382e-05
0.726565,-0.458927,0.43491,0.269083,0.205678,-0.940899,0.00323572
-0.325676,0.171792,1.00364,-0.75542,0.65524,0,1.75028e-05
-0.704298,0.200218,2.86891,-0.528028,0.849227,0,4.84048e-06
0.230309,-0.17498,2.99961,0.503483,0.848696,0.161926,2.82573e-06
-0.917355,0.464576,1.86633,0.932423,0.357558,-0.0523361,0.000787452
0.224243,-0.453071,0.123581,-0.971065,0.238815,0,3.61113e-05
-0.58883,0.481797,1.90261,-0.985422,0.170125,0,1.30549e-05
0.461797,0.725751,0.380554,-0.46945,0.509894,-0.72085,1.57844e-05
-0.617429,0.894555,0.493496,-0.588876,0.337483,-0.734391,0.00104075
0.276555,-0.161798,1.81083,-0.77399,0.200413,-0.600645,0.000373867
0.028997,-0.0887377,0.858577,-0.225274,0.0211131,0.974067,0.0016596
-0.0214424,0.620836,1.82436,-0.140196,0.849485,0.508645,0.000901779
-0.897374,-0.0402272,1.27444,0.119919,0.984351,0.12912,9.98228e-05
-0.164611,0.864639,0.127432,0.436977,0.899473,0,2.98773e-06
-0.784481,0.154811,0.610989,0.20198,0.96739,-0.15284,0.000309586
0.80502,0.656559,0.571858,0.533048,0.843183,0.0700154,0.000537621
0.337228,0.535912,0.377387,-0.231281,0.178299,0.956409,1.76936e-05
0.309394,-0.330826,2.11275,-0.657331,0.753602,0,8.69398e-06
-0.582773,0.430741,2.12166,-0.966523,0.256579,0,1.18288e-05
0.634592,0.0261417,2.98501,0.097144,0.99527,0,4.71032e-07
0.0310752,0.0939985,2.33148,0.596214,0.802826,0,7.00889e-06
0.462472,0.641594,2.91017,0.915229,0.402935,0,6.63657e-06
0.60633,0.113813,0.652702,0.362065,0.65848,0.659783,0.000333392
-0.829142,-0.262428,1.25644,0.997223,0.0744748,0,1.14302e-05
-0.272582,-0.107249,2.90362,0.843236,0.537544,0,7.40009e-06
-0.610975,0.937313,2.00841,-0.269768,0.600695,-0.75259,3.66518e-05
0.801187,0.262564,1.08623,-0.365819,0.740201,0.564162,0.00369452
0.351602,0.525712,0.317024,-0.757454,0.583937,-0.29203,0.00351004
0.760599,0.286575,1.02795,-0.249958,0.505767,-0.825664,4.99005e-06
0.227506,-0.173317,2.99961,0.503483,0.848696,0.161926,2.82209e-06
0.0392864,-0.0799974,0.860767,-0.225274,0.0211131,0.974067,0.00167742
-0.722089,0.381935,1.93034,0.648615,0.761116,0,6.6617e-06
-0.715692,0.485404,0.880029,-0.0555028,0.599786,0.798233,4.95377e-06
0.918179,0.703753,2.30243,-0.502213,0.864744,0,1.21152e-05
0.250456,-0.4038,0.115093,0.235864,0.959069,-0.156699,1.21018e-05
0.680731,-0.14471,2.48764,-0.534686,0.808273,0.246588,0.00078357
-0.103407,0.682246,2.06943,-0.643092,0.765789,0,1.16249e-05
0.557246,0.0228994,2.74562,0.395093,0.389683,-0.831895,1.22328e-05
-0.742387,-0.0691899,1.16315,0.786653,0.617396,0,1.30013e-05
-0.187402,0.861973,0.175551,-0.330607,0.160614,0.930001,1.09722e-05
0.687713,-0.147275,2.94059,0.994393,0.0504279,0.0929523,0.000732439
0.131033,-0.984365,2.08903,0.0281369,0.0386329,-0.998857,9.61003e-06
-0.61118,0.839872,0.463356,-0.588876,0.337483,-0.734391,0.00106629
0.410867,0.992995,1.77298,0.115328,0.123701,0.985595,1.37312e-05
-0.934524,0.66795,2.77072,0.830207,0.557455,0,5.55503e-06
-0.971965,-0.282999,0.251913,0.872211,0.488992,-0.0116016,0.0015431
0.20957,0.450501,1.60494,0.410005,0.840916,-0.353209,0.000978899
-0.592247,0.926632,1.07554,0.652161,0.216644,0.726465,0.000519014
-0.166553,0.865582,0.13306,0.436977,0.899473,0,2.97991e-06
0.146353,-1.00825,2.36196,-0.882498,0.3866,0.267839,0.00113592
0.708688,-0.923848,2.18435,0.824128,0.424635,-0.37483,0.00210556
0.345094,-0.37715,2.10142,0.710887,0.620072,-0.331889,0.00135296
-0.135736,0.668856,1.91248,0.67144,0.741059,0,6.7515e-06
0.181916,-0.785123,1.14346,-0.165587,0.842949,0.511877,0.00037169
0.389097,0.299629,1.84655,0.294564,0.283314,0.912669,0.000830909
0.239598,-0.180491,2.99961,0.503483,0.848696,0.161926,2.83782e-06
-0.63081,0.976028,2.41301,0.00313306,0.999995,0,3.10212e-06
-0.350027,-0.650242,1.37147,-0.0375183,0.999296,0,3.15348e-06
0.741356,-0.454532,0.440993,0.747533,0.571389,0.338688,4.67497e-05
-0.534819,0.530828,1.9686,0.128942,0.746875,-0.652344,0.000394613
0.475199,0.679935,0.426185,-0.488252,0.530316,0.693091,0.00338941
0.755415,-0.0492698,2.73358,0.271115,0.340603,0.90027,0.00121828
-0.667086,0.336232,0.59051,-0.126598,0.849089,0.512855,0.000637825
-0.609001,0.932189,2.00361,-0.269768,0.600695,-0.75259,3.68117e-05
0.932092,0.56977,1.4297,-0.817408,0.576059,0,3.1323e-05
-0.238801,-0.587801,0.259716,-0.978668,0.20545,0,1.83374e-05
-0.839834,-0.0141681,2.18888,0.401356,0.90181,-0.160162,0.000535511
-0.541741,0.474441,1.90268,0.128942,0.746875,-0.652344,0.000543382
-0.794263,0.478272,0.879925,-0.0555028,0.599786,0.798233,6.18324e-06
1.00947,0.394301,1.97398,0.698467,0.715642,0,8.9378e-06
0.605437,0.174427,0.885744,-0.641282,0.767306,0,2.36854e-05
0.261859,-0.157852,1.83109,-0.77399,0.200413,-0.600645,0.000364423
0.569437,0.0107418,2.74571,0.395093,0.389683,-0.831895,1.23106e-05
-0.189325,1.0401,2.79471,-0.213425,0.976959,0,5.13972e-06
-0.753036,-0.362481,2.17424,-0.280026,0.745771,-0.604492,0.000227041
-0.721338,0.381295,1.93308,0.648615,0.761117,0,6.65787e-06
-0.274147,-0.104794,2.90606,0.843236,0.537544,0,7.38433e-06
0.724823,-0.460281,0.434116,0.269083,0.205678,-0.940899,0.00322627
-0.0388443,0.0458059,2.38327,0.893429,0.449205,0,1.06932e-05
0.457267,0.61488,2.43866,0.41286,0.910795,0,1.27341e-06
-0.60488,0.923026,1.99482,-0.269768,0.600695,-0.75259,3.71171e-05
0.91405,0.701355,2.29661,-0.502213,0.864744,0,1.21551e-05
-0.36358,-0.65075,1.3851,-0.0375183,0.999296,0,3.10028e-06
0.274112,-0.161136,1.8142,-0.77399,0.200413,-0.600645,0.000372274
-0.603636,0.920476,1.99234,-0.269768,0.600695,-0.75259,3.72055e-05
0.0362259,-0.11819,0.136728,-0.63207,0.312751,-0.708995,0.00202068
0.29383,0.844226,0.240365,-0.218749,0.394189,0.892616,1.63919e-05
0.250505,-0.403748,0.115484,0.235864,0.959069,-0.156699,1.21024e-05
0.0474993,-0.0729933,0.862515,-0.225274,0.0211131,0.974067,0.00169178
-0.0471539,0.825652,0.298143,-0.0777163,0.595662,0.799467,7.72494e-06
-0.658849,0.772896,1.67362,0.159014,0.0669365,0.985005,5.16174e-06
0.43446,0.0889107,2.46829,-0.199371,0.132559,-0.970917,0.000926275
0.215573,-0.166238,2.99961,0.503483,0.848696,0.161926,2.80658e-06
-0.0603229,0.823827,0.298223,-0.0777163,0.595662,0.799467,7.62285e-06
0.61022,0.121131,0.643264,0.362065,0.65848,0.659783,0.000336589
0.620706,0.027497,2.96635,0.097144,0.99527,0,4.74592e-07
0.218138,-0.477891,0.127897,-0.971065,0.238815,0,3.55943e-05
0.9197,-0.583047,1.5716,0.49578,0.517811,0.69719,1.24428e-06
-0.901741,0.0189479,2.22209,-0.913604,0.406605,0,7.16998e-06
0.818318,0.654183,0.487287,0.0374134,0.059181,-0.997546,1.24619e-05
0.442124,0.0838429,2.46602,-0.199371,0.132559,-0.970917,0.000932237
0.257692,-0.156974,1.83675,-0.77399,0.200413,-0.600645,0.000361818
0.616534,0.849406,0.78263,0.556557,0.65099,0.516194,4.00778e-05
0.720019,-0.918257,2.2156,0.824128,0.424635,-0.37483,0.00207297
-0.132536,0.958037,1.48662,-0.411077,0.9116,0,9.65293e-06
0.921918,0.690601,2.29693,0.668265,0.388105,-0.634663,0.0014182
-0.0465591,0.640976,1.99322,0.160796,0.135033,-0.977707,9.82032e-06
0.250485,-0.403745,0.115478,0.235864,0.959069,-0.156699,1.21021e-05
0.727784,0.0254599,1.0257,0.216824,0.481924,-0.848962,0.00306097
-0.59962,0.911886,1.98404,-0.269768,0.600695,-0.75259,3.74998e-05
0.719762,-0.918286,2.215,0.824128,0.424635,-0.37483,0.00207359
0.912583,-0.576235,1.5716,0.49578,0.517811,0.69719,1.23899e-06
-0.875124,0.676658,2.37311,0.326136,0.848379,0.416999,0.000112026
-0.0491653,0.826007,2.83474,0.243565,0.722099,0.647495,6.44913e-06
-0.842629,-0.939471,0.983794,0.0844868,0.952758,0.291745,2.85363e-06
0.176508,0.180048,2.84189,0.411265,0.00242376,-0.911512,1.46557e-05
-0.596518,0.925208,1.0798,0.652161,0.216644,0.726466,0.000516789
0.131022,-0.984327,2.08903,0.0281369,0.0386329,-0.998857,9.61005e-06
0.352299,-0.381506,2.10871,0.710887,0.620072,-0.331889,0.00135214
-0.39509,0.141443,1.65196,0.757395,0.645575,0.0979051,0.00078982
-0.255208,-0.669668,1.14107,0.11434,0.972471,-0.203043,0.000645536
-0.667137,0.336469,0.590104,-0.126598,0.849089,0.512855,0.000637823
0.225661,-0.447302,0.122577,-0.971065,0.238815,0,3.62312e-05
-0.69683,0.997028,2.66489,-0.17391,0.984762,0,4.1303e-06
-0.900492,0.0217532,2.24101,-0.913604,0.406605,0,7.119e-06
0.0032561,1.00502,2.29689,-0.0759621,0.997111,0,5.74373e-06
-0.63111,0.934634,2.41257,-0.941724,0.00295049,0.336372,0.00113837
-0.25476,-0.665364,1.16194,0.11434,0.972471,-0.203043,0.000641172
0.686309,-0.147508,2.95573,0.994393,0.0504279,0.0929523,0.000723673
0.915999,0.702487,2.29935,-0.502213,0.864744,0,1.21364e-05
0.916837,-0.78166,2.22192,0.985516,0.169582,0,1.49374e-05
-0.742393,-0.0758368,1.13684,-0.600889,0.765619,-0.229695,0.000636675
0.971237,0.426018,1.91257,-0.453942,0.443048,-0.773075,8.21808e-06
0.131308,-0.984055,2.08905,0.0281369,0.0386329,-0.998857,9.61245e-06
-0.951018,-0.667971,2.62069,-0.789996,0.609477,0.0666668,0.00061137
-0.80036,-0.943219,0.983794,0.0844868,0.952758,0.291745,2.94822e-06
-0.586519,0.495183,1.9184,-0.985423,0.170125,0,1.2964e-05
-0.901103,0.424724,1.89305,0.0488664,0.0187389,0.99863,6.0347e-06
0.866168,0.974958,0.0886643,-0.290581,0.346919,0.891745,2.71198e-05
0.44389,0.32927,1.81967,0.294564,0.283314,0.912669,0.000881553
-0.237028,0.952447,2.74895,0.553236,0.120859,-0.824211,0.00116689
0.847903,-0.759401,2.63242,-0.602153,0.230974,0.76424,1.34109e-05
0.93372,-0.0638277,2.2694,-0.400526,0.834409,-0.378603,0.00020327
0.446468,0.331914,1.81802,0.294564,0.283314,0.912669,0.000884103
0.741617,0.0294027,1.03147,0.216824,0.481924,-0.848962,0.00310137
-0.9329,0.45623,0.0978386,-0.0541186,0.0463424,0.997459,1.15417e-06
0.892549,0.411735,2.43594,0.588061,0.808817,0,4.28118e-06
0.0236145,-0.111068,2.75209,-0.893185,0.449689,0,8.6796e-06
0.342617,-0.236056,1.03877,0.177096,0.0808802,0.980865,9.90574e-06
-0.226876,0.944319,2.75457,0.553236,0.120859,-0.82421,0.00117129
0.0018995,-0.111741,0.852809,-0.225274,0.0211131,0.974067,0.00161348
0.348964,-0.319023,0.54024,-0.88628,0.46315,0,3.37945e-05
-0.0693046,0.822581,0.298278,-0.0777163,0.595662,0.799467,7.55419e-06
-0.929663,0.660711,2.75258,0.830207,0.557455,0,5.61676e-06
-0.229411,0.946281,2.75315,0.553236,0.120859,-0.82421,0.00117022
1.01837,0.385609,1.98884,0.698467,0.715642,0,8.881e-06
0.769567,-0.0314287,2.72257,0.271115,0.340603,0.90027,0.00123756
-0.14964,0.950324,1.51913,-0.411078,0.9116,0,9.40662e-06
-0.937677,0.672646,2.78247,0.830207,0.557455,0,5.51544e-06
0.915421,-0.77343,2.2079,0.985516,0.169582,0,1.51412e-05
1.01702,0.649928,2.37366,0.548821,0.318736,0.772789,8.30957e-06
0.38258,-0.399267,2.14039,0.710887,0.620072,-0.331889,0.00134717
0.611178,0.122568,0.641304,0.362065,0.65848,0.659783,0.000337332
0.370982,-0.371707,2.32903,-0.799581,0.600559,0,7.13685e-06
0.938752,-0.0587022,2.27537,-0.400526,0.834409,-0.378603,0.000202776
0.579399,-0.564544,0.123054,-0.346994,0.794853,-0.4978,0.000359897
0.719944,-0.234334,0.946296,0.998201,0.0599616,0,4.54109e-05
0.77548,0.675691,1.96394,0.599423,0.800433,0,4.33359e-06
-0.622123,0.976001,2.43658,0.00313306,0.999995,0,3.08468e-06
-0.935671,0.669658,2.77499,0.830208,0.557455,0,5.5406e-06
1.00553,-0.342339,0.550785,-0.18984,0.0342011,0.981219,0.00425794
0.717831,-0.9191,2.20983,0.824128,0.424635,-0.37483,0.00207898
0.403889,0.999504,1.77298,0.115328,0.123701,0.985595,1.36281e-05
-0.862557,-0.221427,1.30663,-0.0563643,0.754722,-0.653619,0.000268506
0.650659,-0.155422,2.45755,-0.534686,0.808273,0.246588,0.000788746
0.62919,0.026669,2.97774,0.097144,0.99527,0,4.7242e-07
-0.72719,0.386282,1.9117,0.648615,0.761117,0,6.68751e-06
0.545803,0.0343095,2.74553,0.395093,0.389683,-0.831895,1.21597e-05
0.464188,0.637696,2.90367,0.915229,0.402935,0,6.67552e-06
-0.836472,-0.521658,1.7085,0.799323,0.416421,0.433216,0.00060417
-0.0658899,0.758349,2.77467,0.206946,0.613533,-0.76207,0.00076719
-0.619993,0.975994,2.44236,0.00313306,0.999995,0,3.08037e-06
0.198756,0.731998,0.446835,-0.777352,0.0696905,0.625193,0.00297029
-0.632676,0.698239,1.64346,0.90785,0.382156,-0.172528,0.000927441
-0.650772,0.754224,1.67359,0.159014,0.0669365,0.985005,5.20986e-06
-1.0004,-0.233638,0.194978,0.872211,0.488992,-0.0116016,0.00151423
-0.417182,0.173148,1.6138,0.757395,0.645575,0.097905,0.000788303
0.131723,-1.00195,2.30466,-0.882498,0.3866,0.267839,0.00116753
-0.707176,0.48626,0.879978,-0.0555028,0.599786,0.798233,4.98972e-06
0.602622,0.107188,0.661349,0.362065,0.65848,0.659783,0.000330398
-0.00411022,0.831619,0.297882,-0.0777163,0.595662,0.799467,8.07066e-06
-0.27299,-0.106608,2.90426,0.843236,0.537544,0,7.39597e-06
-0.490824,-0.803752,0.00504197,-0.229196,0.0389573,-0.9726,3.46989e-06
-0.609326,0.933177,2.00451,-0.269768,0.600695,-0.75259,3.67825e-05
-0.668616,0.347825,0.570938,-0.126598,0.849089,0.512855,0.000638223
0.829217,0.614964,-0.0393199,-0.213113,0.230337,-0.949488,1.53016e-05
0.352204,0.527287,0.318615,-0.757454,0.583937,-0.29203,0.00350968
0.764005,0.0359011,1.04088,0.216824,0.481924,-0.848962,0.00316723
0.200087,0.733828,0.448286,-0.777352,0.0696905,0.625193,0.00297166
-0.185051,0.48951,2.11813,-0.152403,0.536171,0.830237,0.00123569
-0.40969,-0.443175,2.56653,-0.624573,0.0669347,0.778093,0.000985758
0.231927,0.00595529,0.485745,-0.0251805,0.327925,0.944368,0.000698988
-0.0854595,-0.462431,0.51194,-0.047666,0.481385,0.875212,4.19754e-06
0.900168,-0.214483,1.66093,-0.401606,0.915813,0,7.9758e-06
-0.670851,0.363828,0.542214,-0.0756299,0.507248,-0.858475,1.34548e-07
0.356201,-0.391386,2.27985,-0.799581,0.600559,0,9.74305e-06
-0.542856,0.467769,1.89482,0.128942,0.746875,-0.652344,0.000545319
0.05705,-0.064937,0.864549,-0.225274,0.0211131,0.974067,0.0017086
0.262825,-0.158374,1.82967,-0.77399,0.200413,-0.600645,0.000365052
1.02953,-0.456762,2.49646,0.959291,0.282419,0,1.20691e-05
-0.343916,-0.650012,1.36532,-0.0375183,0.999296,0,3.17785e-06
0.918357,0.703857,2.30266,-0.502213,0.864744,0,1.21137e-05
-0.669484,0.352315,0.56329,-0.126598,0.849089,0.512855,0.000638195
0.919637,0.7046,2.30448,-0.502213,0.864744,0,1.21012e-05
-0.155936,0.860425,0.102297,0.436977,0.899473,0,3.02258e-06
0.922351,0.690666,2.29743,0.668265,0.388105,-0.634663,0.00141791
0.356389,0.64928,2.98751,-0.221084,0.502172,0.836029,9.7689e-06
-0.596959,-0.215694,0.191698,-0.108461,0.365368,0.924523,0.000237951
0.438341,0.086564,2.46717,-0.199371,0.132559,-0.970917,0.00092926
-0.590701,-0.237246,0.200949,-0.108461,0.365368,0.924523,0.000238982
0.916956,-0.0814335,2.24834,-0.400526,0.834409,-0.378604,0.000205094
1.01128,0.392533,1.977,0.698467,0.715642,0,8.92633e-06
-0.670866,0.363924,0.542272,-0.0756299,0.507248,-0.858475,1.34544e-07
-0.0324109,0.827695,0.298054,-0.0777163,0.595662,0.799467,7.84126e-06
-0.605424,0.922301,1.08866,0.652161,0.216644,0.726465,0.00051218
-0.102007,0.683422,2.06049,-0.643092,0.765789,0,1.16908e-05
-0.785256,0.154853,0.610232,0.20198,0.96739,-0.15284,0.000309411
0.805524,0.657436,0.557463,0.533048,0.843183,0.0700154,0.00054152
0.962911,-0.37253,0.543592,-0.18984,0.0342011,0.981219,0.00392712
0.462574,0.641363,2.90977,0.915229,0.402935,0,6.63892e-06
0.702967,0.480123,2.05167,0.418437,0.69891,-0.580031,0.00151071
0.123382,-0.998536,2.26973,-0.245331,0.107474,-0.963464,8.98229e-06
0.684935,-0.147518,2.97044,0.994393,0.0504279,0.0929523,0.000715287
-0.580795,0.510849,1.93664,0.128942,0.746875,-0.652344,0.000388895
0.366674,-0.389947,2.12373,0.710887,0.620072,-0.331889,0.00134992
0.462674,0.641135,2.9094,0.915229,0.402935,0,6.64116e-06
-0.175998,0.753541,0.254294,0.176934,0.536552,-0.82511,0.000233965
0.364872,-0.379842,2.30942,-0.799581,0.600559,0,7.20362e-06
-0.25291,-0.138108,2.87288,0.843236,0.537544,0,7.60127e-06
0.039557,-0.542167,2.29982,-0.799112,0.391115,0.456562,0.00146743
-0.697795,0.996857,2.66521,-0.17391,0.984762,0,4.12775e-06
-0.067543,0.752677,2.76965,0.206946,0.613533,-0.76207,0.000769459
0.719822,-0.232297,0.999671,0.998201,0.0599616,0,4.36407e-05
0.592067,-0.549406,0.138395,-0.346994,0.794853,-0.4978,0.000368528
0.417827,0.986505,1.77298,0.115328,0.123701,0.985595,1.38349e-05
0.627323,0.0268512,2.97524,0.097144,0.99527,0,4.72899e-07
-0.0191729,0.82953,0.297974,-0.0777163,0.595662,0.799467,7.94754e-06
-0.934211,0.667485,2.76955,0.830207,0.557455,0,5.55898e-06
-0.0277678,0.0237757,2.34674,0.893429,0.449205,0,1.10155e-05
-0.126206,0.772944,0.277589,0.176934,0.536552,-0.82511,0.000244305
0.0611434,-0.0613675,0.865419,-0.225274,0.0211131,0.974067,0.00171586
-0.232478,0.948779,2.75146,0.553236,0.120859,-0.824211,0.00116887
-0.921528,0.469781,0.097826,-0.0541186,0.0463424,0.997459,1.16357e-06
0.0689693,-0.572322,2.37713,-0.799112,0.391115,0.456562,0.00141936
0.0339195,-0.0905997,2.79582,-0.893185,0.449689,0,8.49685e-06
0.540319,0.148014,0.653377,-0.876272,0.481817,0,4.3174e-05
-0.839103,-0.523216,1.71485,0.799323,0.416421,0.433216,0.000601528
-0.268264,-0.114023,2.89687,0.843236,0.537544,0,7.44377e-06
-0.255091,-0.134687,2.87629,0.843236,0.537544,0,7.57868e-06
0.683541,0.480306,2.03788,0.418437,0.69891,-0.580031,0.0015073
0.453074,0.616781,2.43032,0.41286,0.910795,0,1.27742e-06
0.612607,-0.524879,0.16324,-0.346994,0.794853,-0.4978,0.000382848
-0.687522,0.998672,2.66177,-0.17391,0.984762,0,4.155e-06
0.404379,0.999046,1.77298,0.115328,0.123701,0.985595,1.36353e-05
-0.307799,-0.648656,1.32899,-0.0375183,0.999296,0,3.32691e-06
0.62601,0.0269794,2.97347,0.097144,0.99527,0,4.73235e-07
0.452587,0.617001,2.42935,0.41286,0.910795,0,1.27789e-06
-0.585375,0.42094,2.10956,-0.966523,0.256579,0,1.18866e-05
0.823389,0.938472,0.0889186,-0.290581,0.346919,0.891745,2.64121e-05
0.130873,-0.984478,2.08902,0.0281369,0.0386329,-0.998857,9.60878e-06
0.625659,0.827077,0.800951,0.556557,0.65099,0.516194,4.06415e-05
0.111528,-0.605063,2.93182,-0.977967,0.208762,0,5.98081e-06
0.4389,0.142824,2.21068,0.999483,0.0321525,0,1.49738e-05
-0.823193,0.156923,0.573198,0.20198,0.96739,-0.15284,0.000300874
0.24171,0.446745,1.63331,0.410005,0.840916,-0.353209,0.000989131
0.281055,0.824246,0.217316,-0.433121,0.780493,-0.450817,0.00179621
0.759394,-0.0442171,2.73047,0.271115,0.340603,0.90027,0.00122369
-0.607352,0.929429,2.00081,-0.269768,0.600695,-0.75259,3.69154e-05
0.929462,-0.0685098,2.26359,-0.400526,0.834409,-0.378603,0.000203826
-0.753691,-0.360844,2.17656,-0.280026,0.745771,-0.604492,0.000226739
-0.101999,0.683428,2.06042,-0.643093,0.765789,0,1.16913e-05
-0.615326,0.919027,1.09853,0.65216,0.216644,0.726465,0.000507112
-0.588498,-0.24424,0.203971,-0.108461,0.365368,0.924523,0.000239349
0.254282,0.445315,1.6445,0.410005,0.840916,-0.353209,0.000992921
-0.955488,-0.673033,2.61401,-0.789996,0.609477,0.0666668,0.000611295
0.892259,0.394273,2.50682,-0.800557,0.582056,0.142546,0.00140374
0.109915,-0.612622,2.91716,-0.977966,0.208762,0,6.02492e-06
-0.254936,-0.667782,1.15026,0.11434,0.972471,-0.203043,0.000643664
-0.885087,-0.467752,1.74511,-0.462028,0.886865,0,4.33173e-06
0.492483,0.661093,0.452778,-0.488252,0.530316,0.693091,0.00347062
0.0583101,-0.526738,2.31943,-0.799112,0.391115,0.456562,0.00147012
0.411868,-0.390409,2.34754,0.271204,0.36108,0.892228,9.42609e-06
0.362781,-0.279086,1.03867,0.177096,0.0808802,0.980865,1.00878e-05
0.37164,-0.392886,2.12888,0.710887,0.620072,-0.331889,0.00134914
0.626111,0.0269695,2.97361,0.097144,0.99527,0,4.73209e-07
0.892049,0.412099,2.43168,0.588061,0.808817,0,4.29546e-06
0.585211,0.157523,0.863215,-0.641281,0.767306,0,2.34522e-05
-0.753595,-0.061652,1.21342,-0.600889,0.765619,-0.229695,0.000616167
0.914103,-0.765771,2.19485,0.985516,0.169582,0,1.53336e-05
0.756093,-0.048223,2.73298,0.271115,0.340603,0.90027,0.00121927
0.45757,0.614742,2.43927,0.41286,0.910795,0,1.27312e-06
0.0658462,-0.57057,2.37016,-0.799112,0.391115,0.456562,0.0014231
0.389529,-0.192779,0.355946,-0.124871,0.0972015,-0.9874,1.85348e-06
-0.946248,0.66722,2.78305,-0.24658,0.367227,0.896852,6.18188e-06
0.600101,-0.539806,0.148123,-0.346994,0.794853,-0.4978,0.000374083
-0.897754,-0.0443526,1.30624,0.119919,0.984351,0.12912,9.88338e-05
0.955307,0.40944,1.91242,-0.453942,0.443048,-0.773075,8.15554e-06
0.437115,0.0875578,2.46756,-0.199371,0.132559,-0.970917,0.000928283
0.864869,0.6254,0.487326,0.0374134,0.059181,-0.997546,1.35938e-05
0.438572,0.153034,2.2068,0.999483,0.0321525,0,1.50038e-05
0.893079,0.393568,2.51431,-0.800557,0.582056,0.142546,0.00139558
0.826377,-0.0425085,2.60524,0.164708,0.939486,-0.300395,0.000726877
0.562141,0.0180173,2.74566,0.395093,0.389683,-0.831895,1.22641e-05
1.01496,0.653416,2.37368,0.548821,0.318736,0.772789,8.29295e-06
-0.262948,-0.122362,2.88857,0.843236,0.537544,0,7.4979e-06
0.576044,-0.568521,0.119042,-0.346994,0.794853,-0.4978,0.00035764
0.380121,0.461794,0.475959,0.512678,0.0489835,0.857183,0.000912681
0.170691,0.695016,0.416062,-0.777352,0.0696905,0.625193,0.00293744
-0.610423,0.936271,2.00738,-0.269768,0.600695,-0.75259,3.66886e-05
-0.911516,0.45188,1.89305,0.0488664,0.0187389,0.99863,5.97689e-06
-0.700633,0.996356,2.66617,-0.17391,0.984762,0,4.12025e-06
0.242439,0.446679,1.634,0.410005,0.840916,-0.353209,0.000989325
-0.725734,-0.176335,0.0416478,0.982352,0.18704,0,1.98258e-05
0.0604034,-0.524989,2.32159,-0.799112,0.391115,0.456562,0.00147042
1.01614,0.65142,2.37367,0.548821,0.318736,0.772789,8.30246e-06
0.0450942,-0.785013,2.97935,0.00670837,0.740222,0.672329,4.91399e-06
0.686027,-0.14735,2.95867,0.994393,0.0504279,0.0929523,0.000721989
-0.254841,-0.667318,1.15253,0.11434,0.972471,-0.203043,0.000643214
-0.0269628,0.0221746,2.34409,0.893429,0.449205,0,1.10394e-05
-0.743182,-0.0681768,1.1686,0.786652,0.617396,0,1.2971e-05
-0.183705,0.867387,1.7255,-0.279419,0.488319,0.826722,1.49891e-05
-0.0330052,0.0341925,2.36401,0.893429,0.449205,0,1.08618e-05
0.386068,-0.371032,2.34754,0.271204,0.36108,0.892228,9.29364e-06
0.62723,0.823258,0.804073,0.556557,0.65099,0.516194,4.07374e-05
-0.606118,0.926806,1.99828,-0.269768,0.600695,-0.75259,3.70044e-05
-0.908066,0.442881,1.89305,0.0488664,0.0187389,0.99863,5.99606e-06
0.945435,0.588704,1.45322,-0.817408,0.576059,0,3.08089e-05
-0.86968,-0.459725,1.70802,-0.462028,0.886865,0,4.44223e-06
-0.835972,-0.00561292,2.24673,0.401356,0.90181,-0.160162,0.000523696
0.913133,-0.576761,1.5716,0.49578,0.517811,0.69719,1.2394e-06
0.463239,0.639851,2.90727,0.915229,0.402935,0,6.65392e-06
-0.848864,-0.528207,1.73766,0.799323,0.416421,0.433216,0.000592052
-0.963408,0.655696,2.78305,-0.24658,0.367227,0.896852,6.1351e-06
0.749824,0.0318242,1.03494,0.216824,0.481924,-0.848962,0.00312536
0.129982,-0.985565,2.13775,0.58805,0.807412,0.0477932,0.00114059
-0.232879,-0.553142,2.79739,-0.492195,0.870485,0,2.95149e-06
-0.925998,-0.63966,2.65836,-0.789996,0.609477,0.0666668,0.000611565
-0.709458,0.19701,2.86754,-0.528028,0.849227,0,4.83132e-06
-0.0679906,-0.460701,0.51194,-0.047666,0.481385,0.875212,4.28181e-06
0.212035,-0.605408,2.97101,0.0955267,0.447504,0.889165,8.2767e-06
0.463741,0.638713,2.90535,0.915229,0.402935,0,6.6654e-06
-0.188815,0.502703,2.10892,-0.152403,0.536171,0.830237,0.00123646
0.391384,-0.375024,2.34754,0.271204,0.36108,0.892228,9.32092e-06
0.131182,-0.983988,2.09634,0.58805,0.807412,0.0477932,0.00117051
-0.62032,0.781018,1.7188,-0.556969,0.653992,0.511937,1.00498e-05
0.915302,-0.772735,2.20672,0.985516,0.169582,0,1.51585e-05
-0.664046,0.316047,0.624678,-0.126598,0.849089,0.512855,0.000637109
0.226576,-0.443583,0.121929,-0.971065,0.238815,0,3.63084e-05
0.873675,-0.226101,1.6202,-0.401606,0.915813,0,8.08886e-06
0.636126,-0.160603,2.44302,-0.534686,0.808273,0.246588,0.000791082
-0.594557,-0.223919,0.19523,-0.108461,0.365368,0.924523,0.000238352
-0.730896,0.38944,1.89815,0.648615,0.761116,0,6.70603e-06
-0.359652,-0.412466,2.60359,0.106559,0.994306,0,1.75424e-06
0.941522,0.583151,1.44632,-0.817408,0.576059,0,3.09604e-05
0.594195,0.0914512,0.681678,0.362065,0.65848,0.659783,0.000323544
-0.274559,0.134748,0.967841,0.648211,0.747316,0.146085,0.000927334
0.218369,-0.167897,2.99961,0.503483,0.848696,0.161926,2.81022e-06
0.648457,0.564441,2.11441,0.297947,0.497658,0.814595,1.31787e-05
0.41868,0.0954965,0.890585,-0.298635,0.954368,0,1.03417e-05
-0.745572,-0.0651324,1.185,0.786652,0.617396,0,1.28803e-05
0.141919,0.2544,2.91536,-0.00589332,0.999983,0,1.23288e-06
0.717811,0.66217,1.1239,-0.0253768,0.0221287,-0.999433,1.56618e-05
1.00748,-0.340871,0.551111,-0.18984,0.0342011,0.981219,0.00427396
0.826551,-0.0421376,2.60649,0.164708,0.939486,-0.300395,0.000726179
-0.020653,0.615485,1.83351,-0.140196,0.849485,0.508645,0.000898681
0.67816,-0.145556,2.48484,-0.534686,0.808273,0.246588,0.000784176
-0.627452,0.934758,2.42281,-0.941724,0.00295049,0.336372,0.00113549
-0.916894,0.464624,1.87488,0.932423,0.357558,-0.0523361,0.000785172
0.375419,-0.365799,2.34327,-0.799581,0.600559,0,7.08836e-06
0.648023,0.564696,2.11441,0.297947,0.497658,0.814595,1.31741e-05
-0.0463854,0.64103,1.99325,0.160796,0.135033,-0.977707,9.82122e-06
0.230708,0.02182,0.480204,-0.0251805,0.327925,0.944368,0.000698573
0.804839,0.656268,0.576738,0.533048,0.843183,0.0700154,0.000536278
-0.585397,0.420857,2.10946,-0.966523,0.256579,0,1.18871e-05
0.457488,0.699062,0.399074,-0.488252,0.530316,0.693091,0.00330656
0.0792829,-0.0459869,0.86928,-0.225274,0.0211131,0.974067,0.00174836
-0.787265,0.47892,0.879925,-0.0555028,0.599786,0.798233,6.21938e-06
0.0138635,0.677851,1.49573,-0.535854,0.444062,0.718101,1.59987e-05
-0.392294,-0.444912,2.58064,-0.624573,0.0669347,0.778093,0.000988208
0.205563,0.741051,0.45429,-0.777352,0.0696905,0.625194,0.00297753
-0.983567,-0.261512,0.285881,0.0101197,0.00567347,0.999933,9.27617e-07
-0.903912,0.0140685,2.18918,-0.913604,0.406605,0,7.25894e-06
-0.0651895,0.759474,2.77576,0.206946,0.613533,-0.76207,0.000766842
-0.00705601,0.83121,0.2979,-0.0777163,0.595662,0.799467,8.0464e-06
-0.24144,-0.60037,0.295542,-0.978668,0.20545,0,1.81634e-05
0.76288,-0.039336,2.72758,0.271115,0.340603,0.90027,0.00122861
0.658073,-0.152782,2.46497,-0.534686,0.808273,0.246588,0.000787508
-0.761996,0.480745,0.88031,-0.0555028,0.599786,0.798233,4.76403e-06
0.725923,-0.914845,2.23244,0.824128,0.424635,-0.37483,0.00205541
0.726968,-0.458591,0.435099,0.269083,0.205678,-0.940899,0.00323793
-0.126271,0.960862,1.47472,-0.411077,0.9116,0,9.7448e-06
-0.925395,-0.638962,2.65911,-0.789996,0.609477,0.0666668,0.000611608
0.386928,-0.196189,0.355939,-0.124871,0.0972015,-0.9874,1.84602e-06
-0.668784,0.348368,0.569998,-0.126598,0.849089,0.512855,0.000638185
-0.58581,0.419302,2.10754,-0.966523,0.256579,0,1.18963e-05
-0.25334,-0.137434,2.87356,0.843236,0.537544,0,7.59681e-06
0.277517,0.830546,0.231622,-0.433121,0.780493,-0.450817,0.00178011
0.68595,-0.147353,2.95949,0.994393,0.0504279,0.0929523,0.000721518
-0.00291876,-0.798533,2.96692,-0.999959,0.00906227,0,6.08977e-06
-0.252187,-0.139243,2.87176,0.843236,0.537544,0,7.60877e-06
0.381835,-0.398868,2.13954,0.710887,0.620072,-0.331889,0.00134737
0.856948,-0.735269,2.63225,-0.602153,0.230974,0.76424,1.35397e-05
-0.0659042,0.758647,2.7749,0.206946,0.613533,-0.76207,0.000767043
-0.839113,-0.0124941,2.20012,0.401356,0.90181,-0.160162,0.0005332
-0.936532,0.670941,2.7782,0.830207,0.557455,0,5.52978e-06
0.758095,-0.045321,2.73128,0.271115,0.340603,0.90027,0.00122212
-0.879449,-0.464814,1.73154,-0.462028,0.886865,0,4.37181e-06
0.228064,-0.43753,0.120878,-0.971065,0.238815,0,3.6434e-05
-0.640343,0.910649,1.12349,0.652161,0.216644,0.726465,0.000494566
0.349104,0.519344,0.310772,-0.757454,0.583937,-0.29203,0.00351094
0.441407,0.0851705,2.46635,-0.199371,0.132559,-0.970917,0.000931566
1.01077,-0.338617,0.551669,-0.18984,0.0342011,0.981219,0.0043008
-0.906209,0.708163,0.168609,0.719244,0.468601,-0.512934,0.00106066
-0.0372432,0.827026,0.298083,-0.0777163,0.595662,0.799467,7.8029e-06
0.88491,-0.221174,1.63748,-0.401606,0.915813,0,8.042e-06
0.776041,0.294366,1.02804,-0.249958,0.505767,-0.825664,5.07803e-06
0.666809,-0.149639,2.47361,-0.534686,0.808273,0.246588,0.000786083
-0.0850536,0.767246,2.77767,-0.947549,0.31961,0,7.03138e-06
-0.795251,0.155435,0.600704,0.20198,0.96739,-0.15284,0.000307134
-0.667959,0.342495,0.579924,-0.126598,0.849089,0.512855,0.000638026
0.464158,0.637765,2.90377,0.915229,0.402935,0,6.67491e-06
0.435739,0.0890823,2.46805,-0.199371,0.132559,-0.970917,0.000927134
-0.103838,0.681884,2.07218,-0.643092,0.765789,0,1.16047e-05
-0.642928,0.714253,1.62499,0.90785,0.382156,-0.172528,0.00092451
-0.868239,-0.458974,1.70455,-0.462028,0.886865,0,4.45272e-06
-0.228497,0.945593,2.75367,0.553236,0.120859,-0.82421,0.0011706
0.838975,0.951765,0.0888258,-0.290581,0.346919,0.891745,2.66746e-05
0.23086,0.0201473,0.480789,-0.0251805,0.327925,0.944368,0.000698644
-0.76689,0.480805,0.879925,-0.0555028,0.599786,0.798233,6.32616e-06
-0.823275,-0.194229,0.0301758,-0.187002,0.982152,-0.020178,0.000202006
-0.823284,-0.194291,0.0272274,-0.187002,0.982152,-0.020178,0.000202009
-0.065982,0.758374,2.77466,0.206946,0.613533,-0.76207,0.000767153
-0.414752,0.169636,1.61817,0.757395,0.645575,0.097905,0.000788443
0.250512,-0.186965,2.99961,0.503483,0.848696,0.161926,2.85204e-06
-0.835994,-0.00551536,2.24723,0.401356,0.90181,-0.160162,0.000523577
-0.628079,0.934612,2.42106,-0.941724,0.00295049,0.336372,0.00113601
0.368033,-0.290294,1.03865,0.177096,0.0808802,0.980865,1.0134e-05
-0.687995,0.998588,2.66193,-0.17391,0.984762,0,4.15374e-06
-0.830466,-0.24471,1.27744,0.997223,0.0744748,0,1.13543e-05
-0.741943,-0.392309,2.1323,-0.280026,0.745771,-0.604492,0.000232415
0.0451375,-0.785013,2.97935,0.00670837,0.740222,0.672329,4.91409e-06
0.0275533,0.096614,2.34603,0.596214,0.802826,0,6.92926e-06
0.690381,-0.200398,2.94087,0.994393,0.0504279,0.0929523,0.000731912
-0.586598,-0.250943,0.206843,-0.108461,0.365368,0.924523,0.000239647
0.827166,-0.0382599,2.61896,0.164708,0.939486,-0.300395,0.000718887
0.354104,-0.394179,2.27295,-0.799581,0.600559,0,9.77475e-06
-0.236851,-0.578512,0.23324,-0.978668,0.20545,0,1.84608e-05
-0.000310503,-0.784601,2.97935,0.00670837,0.740222,0.672329,4.80949e-06
0.685673,-0.490227,0.416374,0.269083,0.205678,-0.940899,0.00302207
-0.850126,-0.528759,1.74052,0.799323,0.416421,0.433216,0.000590865
0.786635,-0.51377,0.440994,0.747533,0.571389,0.338688,4.90062e-05
-0.90222,0.427637,1.89305,0.0488664,0.0187389,0.99863,6.0285e-06
0.0492003,0.720492,1.49573,-0.535854,0.444062,0.718101,1.62982e-05
0.766992,-0.0342117,2.7244,0.271115,0.340603,0.90027,0.0012342
-0.562896,0.518561,1.94901,0.128942,0.746875,-0.652344,0.000391159
0.892283,0.393984,2.50814,-0.800557,0.582056,0.142546,0.00140225
0.252811,-0.155483,1.84354,-0.77399,0.200413,-0.600645,0.000358767
-0.898128,-0.0480954,1.33512,0.119919,0.984351,0.12912,9.79274e-05
0.363559,-0.388061,2.12058,0.710887,0.620072,-0.331889,0.00135033
0.241773,0.464902,1.6776,0.154795,0.317483,0.935544,1.26342e-05
-0.895121,0.715359,0.190731,0.719244,0.468601,-0.512934,0.00106816
0.79172,0.0438616,1.05248,0.216824,0.481924,-0.848962,0.00324995
0.226092,-0.172478,2.99961,0.503483,0.848696,0.161926,2.82025e-06
0.599819,0.102207,0.667857,0.362065,0.65848,0.659783,0.000328147
0.372476,-0.369717,2.33383,-0.799581,0.600559,0,7.12053e-06
-0.670931,0.36409,0.542375,-0.0756299,0.507248,-0.858475,1.3453e-07
0.534245,0.136968,0.668028,-0.876272,0.481817,0,4.25696e-05
1.00766,0.396061,1.97096,0.698467,0.715642,0,8.94924e-06
0.687426,-0.147218,2.94363,0.994393,0.0504279,0.0929523,0.000730667
-0.321215,0.176935,0.954113,-0.755421,0.65524,0,1.7871e-05
0.642895,0.0253313,2.99617,0.097144,0.99527,0,4.68894e-07
-0.153281,0.824011,1.64798,0.867953,0.496647,0,8.3874e-06
0.916765,0.702932,2.30042,-0.502213,0.864744,0,1.2129e-05
0.915251,-0.772439,2.20621,0.985516,0.169582,0,1.5166e-05
0.0618666,-0.568851,2.36173,-0.799112,0.391115,0.456562,0.00142737
-0.696654,0.204971,2.87095,-0.528028,0.849227,0,4.85405e-06
0.013361,-0.784725,2.97935,0.00670837,0.740222,0.672329,4.84076e-06
-0.8641,-0.204074,1.32687,-0.0486781,0.651804,0.756824,4.73518e-06
0.969891,0.424615,1.91255,-0.453942,0.443048,-0.773075,8.21286e-06
0.690461,-0.198797,2.93915,0.994393,0.0504279,0.0929523,0.000732933
0.035704,-0.114994,0.138603,-0.63207,0.312751,-0.708995,0.00201932
1.02823,-0.326264,0.554617,-0.18984,0.0342011,0.981219,0.00444714
0.805866,0.657984,0.548249,0.533048,0.843183,0.0700154,0.000544008
0.264654,0.827693,0.240517,-0.218748,0.394189,0.892616,1.59644e-05
-0.103852,0.681872,2.07227,-0.643092,0.765789,0,1.1604e-05
-0.307484,0.172952,0.918496,0.648211,0.747316,0.146085,0.000910534
0.438525,0.154493,2.20624,0.999483,0.0321525,0,1.5008e-05
-0.742098,-0.0695589,1.16116,0.786652,0.617396,0,1.30123e-05
-0.582839,0.430492,2.12135,-0.966523,0.256579,0,1.18303e-05
-0.775249,0.154329,0.620136,0.20198,0.96739,-0.15284,0.000311681
# Fitted VMF mean direction: 0.0675994,0.989906,0.124567
# Fitted VMF kappa: 1.98162
# Fitted Gaussian mean: 0.285177,0.0533606,1.36576
# Fitted Gaussian covariance: 0.299381,-0.072578,-0.0236058;-0.072578,0.27082,-0.0714927;-0.0236057,-0.0714927,0.844577
