node_index,aabb_min_x,aabb_min_y,aabb_min_z,aabb_max_x,aabb_max_y,aabb_max_z,n_subtree_primitives,n_leaf_primitives,node_type,valid,surface_area,center_of_mass_x,center_of_mass_y,center_of_mass_z,importance,importance_gt
0,-1.02537,-0.948463,-0.0317177,1.00305,0.98443,3.04163,600,0,interior,1,1.02,0.0589905,0.16785,1.49892,0.137865,3.66619e-10
1,-0.996369,-0.764359,-0.0317177,0.936143,0.98443,1.67798,300,0,interior,1,0.51,0.0673031,0.200773,0.632581,0.0651475,2.02972e-11
2,-0.996369,-0.764359,0.00829044,0.231436,0.971115,1.67343,150,0,interior,1,0.2451,-0.413175,0.284448,0.681063,0.0454034,2.96801e-11
3,-0.996369,-0.764359,0.00829044,0.231279,0.497378,1.61233,75,0,interior,1,0.12255,-0.336081,-0.226665,0.576474,0.0412714,0
4,-0.996369,-0.665579,0.00829044,0.162196,0.497378,0.743436,37,0,interior,1,0.06125,-0.509456,-0.10824,0.136615,0.00794185,0
5,-0.461435,-0.665579,0.0654795,0.162196,-0.123767,0.743436,18,0,interior,1,0.02565,-0.229303,-0.517344,0.236434,0.0126986,6.24243e-18
6,-0.461435,-0.665579,0.0654795,-0.12607,-0.123767,0.300514,9,0,interior,1,0.0153,-0.258051,-0.460631,0.207451,0.00994143,1.24491e-14
7,-0.255411,-0.665579,0.244004,-0.12607,-0.540368,0.300514,4,4,leaf,1,0.0101,-0.190742,-0.603203,0.271847,0.0164747,0
8,-0.461435,-0.596672,0.0654795,-0.172455,-0.123767,0.244835,5,0,interior,1,0.0052,-0.388786,-0.183713,0.082375,0.000386006,1.18151e-14
9,-0.255722,-0.596672,0.244004,-0.172455,-0.540368,0.244835,2,2,leaf,1,0.000100002,-0.214089,-0.56852,0.244419,0.00794212,0
10,-0.461435,-0.217598,0.0654795,-0.339718,-0.123767,0.104439,3,3,leaf,1,0.0051,-0.392211,-0.176168,0.0791976,0.000151646,1.24887e-14
11,-0.255722,-0.665579,0.244004,0.162196,-0.42537,0.743436,9,0,interior,1,0.01035,-0.186807,-0.60118,0.279279,0.0174952,1.73146e-17
12,-0.255722,-0.665117,0.244004,-0.12607,-0.540368,0.300514,4,4,leaf,1,0.0101,-0.191051,-0.602745,0.272672,0.0165377,0
13,-0.209337,-0.665579,0.299684,0.162196,-0.42537,0.743436,5,0,interior,1,0.000249999,-0.0153405,-0.537984,0.546214,0.0512077,3.17633e-16
14,-0.209337,-0.665579,0.299684,-0.12607,-0.609276,0.300514,2,2,leaf,1,0.000100002,-0.167704,-0.637428,0.300099,0.00891146,0
15,0.0704543,-0.539171,0.705693,0.162196,-0.42537,0.743436,3,3,leaf,1,0.000149997,0.0862392,-0.471685,0.710298,0.0933152,3.38333e-16
16,-0.996369,-0.217598,0.00829044,-0.339718,0.497378,0.104439,19,0,interior,1,0.0356,-0.711307,0.186522,0.0646953,0.00293462,0
17,-0.461435,-0.217598,0.0654795,-0.339718,-0.0916534,0.104439,9,0,interior,1,0.0153,-0.403365,-0.147445,0.0868795,0.000938271,0
18,-0.461435,-0.217466,0.0654795,-0.339718,-0.0916534,0.104439,4,4,leaf,1,0.0101,-0.415326,-0.14919,0.0914236,0.000838599,1.54121e-14
19,-0.426853,-0.217598,0.0654795,-0.339718,-0.0916534,0.104439,5,0,interior,1,0.0052,-0.380132,-0.144056,0.0780535,0.00106495,0
20,-0.374656,-0.217598,0.0654795,-0.339718,-0.123636,0.0664044,2,2,leaf,1,9.99986e-05,-0.357187,-0.170617,0.0659419,0,0
21,-0.426853,-0.217466,0.0654795,-0.339718,-0.0916534,0.104439,3,3,leaf,1,0.0051,-0.380582,-0.143535,0.0782909,0.00015824,0
22,-0.996369,0.379501,0.00829044,-0.89017,0.497378,0.0876599,10,0,interior,1,0.0203,-0.943401,0.438231,0.0479752,0.00292447,0
23,-0.996369,0.379501,0.00829044,-0.89017,0.497378,0.0870437,5,0,interior,1,0.01015,-0.94343,0.43825,0.0472185,0.00287789,0
24,-0.996369,0.379501,0.00829044,-0.942922,0.497378,0.0870437,2,2,leaf,1,0.00505,-0.961193,0.429664,0.0605347,0.0035986,0
25,-0.944282,0.379501,0.00829044,-0.89017,0.497378,0.0870437,3,3,leaf,1,0.0051,-0.925841,0.446751,0.0340328,0.00212506,0
26,-0.996369,0.379501,0.00890672,-0.89017,0.497378,0.0876599,5,0,interior,1,0.01015,-0.943372,0.438213,0.0487319,0.00297107,0
27,-0.996369,0.379501,0.00890672,-0.89017,0.46402,0.0876599,2,2,leaf,1,0.00505,-0.943514,0.418484,0.0354157,0.00211686,0
28,-0.996369,0.412439,0.00890672,-0.89017,0.497378,0.0876599,3,3,leaf,1,0.0051,-0.943231,0.457748,0.0619176,0.00384488,0
29,-0.451859,-0.764359,0.705693,0.231279,0.213912,1.61233,38,0,interior,1,0.0613,-0.162847,-0.344994,1.01597,0.0907286,1.32041e-10
30,-0.39221,-0.764359,0.705693,0.178473,-0.42537,1.37967,19,0,interior,1,0.04055,-0.102965,-0.591658,1.03998,0.064139,8.78048e-11
31,-0.33159,-0.764359,0.705693,0.178473,-0.42537,1.32319,9,0,interior,1,0.02025,0.12254,-0.483747,0.728026,0.0836403,0
32,0.0708267,-0.539171,0.705693,0.178473,-0.42537,0.744362,4,4,leaf,1,0.0101,0.124729,-0.482729,0.724569,0.082613,0
33,-0.33159,-0.764359,0.706619,0.178473,-0.425432,1.32319,5,0,interior,1,0.01015,0.120362,-0.48476,0.731466,0.0846657,0
34,0.0704543,-0.539171,0.706619,0.178101,-0.425432,0.744362,2,2,leaf,1,0.01,0.124277,-0.482302,0.72549,0.0833516,0
35,-0.33159,-0.764359,0.743436,0.178473,-0.425432,1.32319,3,3,leaf,1,0.000149993,-0.1407,-0.648687,1.12987,0.168108,0
36,-0.39221,-0.764359,1.32237,-0.263322,-0.634523,1.37967,10,0,interior,1,0.0203,-0.327915,-0.699303,1.35116,0.0153713,3.54699e-10
37,-0.39221,-0.764359,1.32237,-0.263322,-0.634523,1.37967,5,0,interior,1,0.0151,-0.328458,-0.706765,1.34776,0.0126035,3.55862e-10
38,-0.39221,-0.764359,1.32237,-0.331175,-0.70798,1.37967,2,2,leaf,1,9.99942e-05,-0.361693,-0.736169,1.35102,0,0
39,-0.39221,-0.764359,1.32237,-0.263322,-0.634523,1.37967,3,3,leaf,1,0.015,-0.328237,-0.706569,1.34774,0.00951438,3.57257e-10
40,-0.39221,-0.708363,1.32237,-0.263322,-0.634523,1.37967,5,0,interior,1,0.00519999,-0.326338,-0.677635,1.36101,0.0219353,0
41,-0.39221,-0.708363,1.37884,-0.323941,-0.634523,1.37967,2,2,leaf,1,9.99943e-05,-0.358076,-0.671443,1.37926,0,0
42,-0.391795,-0.708363,1.32237,-0.263322,-0.634523,1.37967,3,3,leaf,1,0.00509999,-0.325715,-0.677756,1.36065,0.0172545,0
43,-0.451859,-0.524036,0.706619,0.231279,0.213912,1.61233,19,0,interior,1,0.02075,-0.27987,0.13704,0.969071,0.140773,0
44,-0.31456,-0.524036,0.706619,0.178473,0.195908,1.01044,9,0,interior,1,0.01035,-0.280357,0.137649,0.962684,0.139633,0
45,-0.31456,-0.524036,0.706619,0.178473,0.189251,1.00999,4,4,leaf,1,0.000199999,-0.0612406,-0.159998,0.83674,0.0702965,3.87355e-16
46,-0.31456,0.0902113,0.920775,-0.254259,0.195908,1.01044,5,0,interior,1,0.01015,-0.284674,0.143514,0.965166,0.141051,0
47,-0.299825,0.0902113,0.920775,-0.255142,0.195908,1.00999,2,2,leaf,1,0.00505,-0.274846,0.158152,0.95022,0.141123,0
48,-0.31456,0.0903428,0.920775,-0.254259,0.195908,1.01044,3,3,leaf,1,0.0051,-0.294407,0.12902,0.979964,0.140921,0
49,-0.451859,-0.37318,0.921227,0.231279,0.213912,1.61233,10,0,interior,1,0.0104,-0.279385,0.136434,0.975427,0.141911,0
50,-0.31456,0.0902113,0.921227,-0.254259,0.195908,1.01044,5,0,interior,1,0.01015,-0.284267,0.142789,0.966344,0.141804,0
51,-0.31456,0.0902113,0.921227,-0.254259,0.18912,1.01044,2,2,leaf,1,0.00505,-0.279176,0.125096,0.951258,0.13982,0
52,-0.31456,0.0968682,0.921227,-0.254259,0.195908,1.01044,3,3,leaf,1,0.0051,-0.289309,0.16031,0.981282,0.143762,0
53,-0.451859,-0.37318,1.14615,0.231279,0.213912,1.61233,5,0,interior,1,0.000249997,-0.0811684,-0.1216,1.3442,0.141998,6.60108e-12
54,-0.451859,0.128593,1.61229,-0.397995,0.213912,1.61233,2,2,leaf,1,9.99984e-05,-0.424927,0.171253,1.61231,0,0
55,0.132579,-0.37318,1.14615,0.231279,-0.275175,1.20357,3,3,leaf,1,0.000149998,0.148003,-0.316834,1.16547,0.204018,8.06392e-12
56,-0.942922,0.46402,0.00829044,0.231436,0.971115,1.67343,75,0,interior,1,0.12255,-0.49027,0.795561,0.785652,0.0465341,0
57,-0.942922,0.46402,0.00829044,-0.13686,0.875404,0.225655,37,0,interior,1,0.06125,-0.525992,0.751407,0.168082,0.0166788,7.02613e-16
58,-0.942922,0.46402,0.00829044,-0.484849,0.788066,0.225655,18,0,interior,1,0.02565,-0.801132,0.693768,0.191238,0.0109179,0
59,-0.942922,0.46402,0.00829044,-0.801045,0.749843,0.211131,9,0,interior,1,0.0153,-0.875824,0.683752,0.197695,0.00602724,0
60,-0.942922,0.46402,0.00829044,-0.801045,0.703655,0.210153,4,4,leaf,1,0.00515,-0.875324,0.656661,0.19312,0.00590407,0
61,-0.934625,0.615426,0.189009,-0.801045,0.749843,0.211131,5,0,interior,1,0.01015,-0.876078,0.697499,0.200017,0.00609438,0
62,-0.934625,0.615426,0.189009,-0.848488,0.749743,0.211131,2,2,leaf,1,0.00505,-0.890444,0.689423,0.196958,0.00592275,0
63,-0.934625,0.661714,0.189009,-0.801045,0.749843,0.211131,3,3,leaf,1,0.0051,-0.861854,0.705495,0.203046,0.0062697,0
64,-0.887368,0.615426,0.125753,-0.484849,0.788066,0.225655,9,0,interior,1,0.01035,-0.690718,0.708574,0.181693,0.0158383,0
65,-0.887368,0.615426,0.189009,-0.801045,0.749743,0.211131,4,4,leaf,1,0.00515,-0.845388,0.675025,0.20407,0.00663339,0
66,-0.848488,0.661714,0.125753,-0.484849,0.788066,0.225655,5,0,interior,1,0.0052,-0.537535,0.741799,0.159531,0.0210633,0
67,-0.848488,0.661714,0.125753,-0.557673,0.749843,0.225655,2,2,leaf,1,9.99999e-05,-0.696239,0.720804,0.184776,0,0
68,-0.561287,0.717871,0.125753,-0.484849,0.788066,0.225655,3,3,leaf,1,0.0051,-0.534423,0.742211,0.159036,0.0210398,0
69,-0.561287,0.717871,0.104066,-0.13686,0.875404,0.225655,19,0,interior,1,0.0356,-0.327751,0.792937,0.151397,0.0202429,1.23863e-15
70,-0.561287,0.717871,0.104066,-0.222996,0.875404,0.225655,9,0,interior,1,0.0153,-0.514809,0.757177,0.180686,0.0241453,0
71,-0.561287,0.717871,0.125753,-0.481235,0.788066,0.225655,4,4,leaf,1,0.0101,-0.521457,0.75345,0.175731,0.023381,0
72,-0.557022,0.717871,0.104066,-0.222996,0.875404,0.225655,5,0,interior,1,0.0052,-0.501894,0.764416,0.190309,0.0256469,0
73,-0.557022,0.717871,0.125753,-0.481235,0.788066,0.2256,2,2,leaf,1,0.00505,-0.507466,0.762996,0.191988,0.025858,0
74,-0.4855,0.776268,0.104066,-0.222996,0.875404,0.225655,3,3,leaf,1,0.000150002,-0.314325,0.812229,0.133786,0.0180237,0
75,-0.237099,0.764432,0.104066,-0.13686,0.875404,0.154336,10,0,interior,1,0.0203,-0.186767,0.819889,0.129322,0.0150727,6.70129e-16
76,-0.237099,0.764432,0.104066,-0.13686,0.863568,0.154336,5,0,interior,1,0.0052,-0.174895,0.801111,0.13801,0.0162453,7.83128e-15
77,-0.237099,0.764432,0.104066,-0.150473,0.776335,0.154336,2,2,leaf,1,9.99998e-05,-0.193786,0.770383,0.129201,0,0
78,-0.237099,0.764432,0.104935,-0.13686,0.863568,0.154336,3,3,leaf,1,0.0051,-0.174525,0.801713,0.138183,0.0165621,0
79,-0.237099,0.764432,0.104066,-0.13686,0.875404,0.154336,5,0,interior,1,0.0151,-0.190856,0.826355,0.12633,0.0146715,0
80,-0.23661,0.764432,0.104066,-0.13686,0.875337,0.153466,2,2,leaf,1,0.01,-0.186735,0.819884,0.128766,0.0150992,0
81,-0.237099,0.776335,0.104066,-0.13686,0.875404,0.154336,3,3,leaf,1,0.0051,-0.198936,0.839044,0.121555,0.0138518,0
82,-0.699633,0.648262,0.2256,0.231436,0.971115,1.67343,38,0,interior,1,0.0613,-0.454577,0.839679,1.40272,0.0189239,0
83,-0.664011,0.648262,0.2256,0.231436,0.94363,1.53307,19,0,interior,1,0.02075,-0.591843,0.882532,1.09127,0.00490032,0
84,-0.664011,0.648262,0.2256,0.231436,0.94363,1.12101,9,0,interior,1,0.01035,-0.58992,0.880623,1.08101,0.00431468,0
85,-0.557673,0.648262,0.2256,0.231436,0.783868,0.464916,4,4,leaf,1,0.000200001,-0.0225027,0.713592,0.390711,0.0559763,0
86,-0.664011,0.824823,1.0688,-0.537927,0.94363,1.12101,5,0,interior,1,0.01015,-0.601101,0.883914,1.09461,0.0019571,0
87,-0.664011,0.824823,1.0688,-0.572473,0.94363,1.12101,2,2,leaf,1,0.00505,-0.622241,0.890375,1.10344,0.00201756,0
88,-0.629676,0.824823,1.0688,-0.537927,0.94363,1.12101,3,3,leaf,1,0.0051,-0.580168,0.877516,1.08587,0.00169648,0
89,-0.664011,0.824823,1.0688,-0.0578907,0.94363,1.53307,10,0,interior,1,0.0104,-0.593756,0.884432,1.10149,0.00549061,0
90,-0.664011,0.824823,1.06965,-0.537927,0.94363,1.12186,5,0,interior,1,0.01015,-0.601288,0.88434,1.09605,0.00195766,0
91,-0.664011,0.824823,1.06965,-0.537927,0.903371,1.12186,2,2,leaf,1,0.00505,-0.610814,0.864392,1.08722,0.0020061,0
92,-0.664011,0.865081,1.06965,-0.537927,0.94363,1.12186,3,3,leaf,1,0.0051,-0.591856,0.904092,1.10479,0.00169831,0
93,-0.572473,0.847247,1.0688,-0.0578907,0.94363,1.53307,5,0,interior,1,0.000249987,-0.287928,0.888197,1.32217,0.185371,0
94,-0.572473,0.865081,1.0688,-0.537927,0.94363,1.12186,2,2,leaf,1,9.99939e-05,-0.5552,0.904355,1.09533,0,0
95,-0.180601,0.847247,1.46556,-0.0578907,0.920648,1.53307,3,3,leaf,1,0.000149993,-0.109749,0.877424,1.47339,0.187322,0
96,-0.699633,0.701459,1.46556,-0.0578907,0.971115,1.67343,19,0,interior,1,0.04055,-0.384336,0.81775,1.56209,0.0241519,0
97,-0.699633,0.701459,1.57534,-0.597745,0.751257,1.67343,9,0,interior,1,0.02025,-0.648824,0.726337,1.6241,0.0181625,0
98,-0.699633,0.701459,1.57534,-0.603738,0.751257,1.67343,4,4,leaf,1,0.00515,-0.66638,0.727722,1.60817,0.0222565,0
99,-0.699633,0.701459,1.57534,-0.597745,0.751257,1.67343,5,0,interior,1,0.0151,-0.642837,0.725865,1.62954,0.0166681,0
100,-0.699633,0.701459,1.57534,-0.597745,0.751257,1.67322,2,2,leaf,1,0.00505,-0.663207,0.734738,1.63995,0.0158086,0
101,-0.699346,0.701459,1.57534,-0.597745,0.750321,1.67343,3,3,leaf,1,0.01005,-0.632601,0.721407,1.6243,0.0170973,0
102,-0.603738,0.702395,1.46556,-0.0578907,0.971115,1.67343,10,0,interior,1,0.0203,-0.1205,0.908938,1.50023,0.0321586,0
103,-0.603738,0.702395,1.46556,-0.111698,0.971115,1.67343,5,0,interior,1,0.0052,-0.144622,0.90415,1.51227,0.0390631,0
104,-0.603738,0.702395,1.4663,-0.1263,0.898176,1.67343,2,2,leaf,1,0.0001,-0.381098,0.798076,1.57587,0.214063,0
105,-0.180601,0.847709,1.46556,-0.111698,0.971115,1.53381,3,3,leaf,1,0.0051,-0.139985,0.90623,1.51102,0.0354283,0
106,-0.180108,0.847247,1.46556,-0.0578907,0.971115,1.53381,5,0,interior,1,0.0151,-0.112193,0.910586,1.49608,0.0296011,0
107,-0.180108,0.847247,1.46556,-0.0578907,0.971115,1.53381,2,2,leaf,1,0.01,-0.110278,0.90077,1.48844,0.0291871,0
108,-0.180108,0.897714,1.46556,-0.0578907,0.971115,1.53381,3,3,leaf,1,0.0051,-0.115948,0.929834,1.51108,0.0303972,0
109,0.132447,-0.602194,-0.0317177,0.936143,0.98443,1.67798,150,0,interior,1,0.2649,0.511868,0.123351,0.587722,0.0892036,5.83963e-12
110,0.132447,-0.602194,-0.0317177,0.928814,0.98443,0.464916,75,0,interior,1,0.13245,0.590909,0.0224074,0.204058,0.0422871,1.38933e-12
111,0.252336,-0.602194,0.0761049,0.813733,-0.23653,0.443798,37,0,interior,1,0.06125,0.547429,-0.515585,0.217713,0.0733125,4.32973e-12
112,0.252336,-0.590419,0.0761049,0.616242,-0.23653,0.443798,18,0,interior,1,0.02565,0.336516,-0.472584,0.127351,0.0414861,3.13667e-12
113,0.252336,-0.511485,0.0761049,0.295511,-0.409368,0.169736,9,0,interior,1,0.02025,0.273812,-0.46031,0.122652,0.0401433,6.54228e-13
114,0.252336,-0.511485,0.0761049,0.295511,-0.411622,0.169736,4,4,leaf,1,0.00515,0.269184,-0.477423,0.106597,0.0340806,0
115,0.252336,-0.511485,0.0761049,0.295511,-0.409368,0.169736,5,0,interior,1,0.0151,0.27539,-0.454473,0.128128,0.0422682,8.50547e-13
116,0.252336,-0.511485,0.0764656,0.29458,-0.409426,0.169736,2,2,leaf,1,0.01,0.273458,-0.460456,0.123101,0.0407634,0
117,0.252336,-0.509173,0.0761049,0.295511,-0.409368,0.169736,3,3,leaf,1,0.0051,0.279178,-0.442743,0.137984,0.0451749,1.44345e-12
118,0.259518,-0.590419,0.0761049,0.616242,-0.23653,0.443798,9,0,interior,1,0.00540001,0.571658,-0.51861,0.14497,0.0461275,8.98572e-12
119,0.259518,-0.511427,0.0761049,0.366758,-0.23653,0.443798,4,4,leaf,1,0.000200003,0.300525,-0.420019,0.22391,0.0100335,0
120,0.562334,-0.590419,0.113456,0.616242,-0.487013,0.198672,5,0,interior,1,0.0052,0.582087,-0.522402,0.141934,0.0467137,9.06844e-12
121,0.562334,-0.590419,0.113456,0.569901,-0.490588,0.113987,2,2,leaf,1,0.000100002,0.566117,-0.540503,0.113721,0.00484863,0
122,0.562334,-0.590419,0.113456,0.616242,-0.487013,0.198672,3,3,leaf,1,0.0051,0.5824,-0.522047,0.142487,0.0476731,8.99044e-12
123,0.563178,-0.602194,0.113456,0.813733,-0.487013,0.413896,19,0,interior,1,0.0356,0.699394,-0.546569,0.28282,0.0979839,5.29871e-12
124,0.563178,-0.602194,0.113456,0.754201,-0.487013,0.334034,9,0,interior,1,0.0153,0.597244,-0.544352,0.162027,0.0545799,0
125,0.563178,-0.590419,0.113456,0.622964,-0.487013,0.198672,4,4,leaf,1,0.0101,0.5931,-0.539181,0.155801,0.0527813,0
126,0.569056,-0.602194,0.113987,0.754201,-0.487013,0.334034,5,0,interior,1,0.0052,0.605292,-0.554394,0.174122,0.0579835,0
127,0.569056,-0.590419,0.113987,0.622964,-0.48707,0.198672,2,2,leaf,1,0.00505,0.602368,-0.554765,0.170722,0.0580596,0
128,0.615397,-0.602194,0.19814,0.754201,-0.487013,0.334034,3,3,leaf,1,0.000150002,0.703714,-0.541881,0.288595,0.0163724,0
129,0.73874,-0.602194,0.333432,0.813733,-0.494329,0.413896,10,0,interior,1,0.0203,0.776383,-0.548239,0.373861,0.132056,9.16475e-12
130,0.73874,-0.602194,0.333432,0.813733,-0.494446,0.413896,5,0,interior,1,0.0151,0.773679,-0.554554,0.369356,0.130901,0
131,0.753411,-0.602194,0.333432,0.813733,-0.593247,0.413896,2,2,leaf,1,0.000100001,0.783572,-0.59772,0.373664,0.0100193,0
132,0.73874,-0.602194,0.333432,0.813733,-0.494446,0.413896,3,3,leaf,1,0.015,0.773613,-0.554267,0.369328,0.131691,0
133,0.73874,-0.593364,0.333432,0.813733,-0.494329,0.413896,5,0,interior,1,0.0052,0.784237,-0.529902,0.386941,0.135281,2.25676e-11
134,0.798272,-0.593364,0.413294,0.813733,-0.494329,0.413896,2,2,leaf,1,0.000100001,0.806003,-0.543846,0.413595,0.0249092,0
135,0.73874,-0.593247,0.333432,0.813733,-0.494329,0.413896,3,3,leaf,1,0.0051,0.78381,-0.529628,0.386418,0.137248,2.28394e-11
136,0.132447,-0.281012,-0.0317177,0.928814,0.98443,0.464916,38,0,interior,1,0.0712,0.628312,0.485217,0.192311,0.0143845,0
137,0.144181,-0.281012,-0.0317177,0.928814,0.68571,0.443798,19,0,interior,1,0.04055,0.622323,0.20521,0.207482,0.0122796,0
138,0.318927,-0.281012,0.366781,0.434859,-0.163302,0.443798,9,0,interior,1,0.02025,0.377113,-0.222193,0.405069,0.0259334,0
139,0.318927,-0.281012,0.366781,0.434859,-0.207265,0.443798,4,4,leaf,1,0.00515,0.373999,-0.242225,0.392379,0.0256808,0
140,0.318927,-0.280492,0.366781,0.434859,-0.163302,0.443798,5,0,interior,1,0.0151,0.378176,-0.215361,0.409397,0.0260063,0
141,0.318927,-0.280492,0.366781,0.434859,-0.163302,0.443798,2,2,leaf,1,0.01,0.369015,-0.21483,0.418018,0.0260701,0
142,0.366199,-0.280492,0.366781,0.434859,-0.163302,0.443798,3,3,leaf,1,0.0051,0.396139,-0.216402,0.392494,0.0258281,0
143,0.144181,0.577705,-0.0317177,0.928814,0.68571,0.408752,10,0,interior,1,0.0203,0.866928,0.631561,0.0103818,0.000196165,0
144,0.144181,0.577705,-0.0311079,0.893787,0.68571,0.408752,5,0,interior,1,0.0052,0.838287,0.633206,0.0296669,0.000534795,0
145,0.144181,0.648262,0.407925,0.24325,0.663001,0.408752,2,2,leaf,1,0.000100001,0.193716,0.655632,0.408339,0.0177007,0
146,0.811476,0.577705,-0.0311079,0.893787,0.68571,0.0481487,3,3,leaf,1,0.0051,0.850926,0.632766,0.0222419,0.000376135,0
147,0.811476,0.577705,-0.0317177,0.928814,0.68571,0.0481487,5,0,interior,1,0.0151,0.876791,0.630994,0.00374055,7.17864e-05,0
148,0.893332,0.577705,-0.0317177,0.928814,0.628268,0.0481487,2,2,leaf,1,9.99979e-05,0.911073,0.602986,0.0082155,0,0
149,0.811476,0.577705,-0.0317177,0.928814,0.68571,0.0481487,3,3,leaf,1,0.015,0.876563,0.631181,0.00371072,6.12967e-05,0
150,0.132447,0.627619,-0.0317177,0.928814,0.98443,0.464916,19,0,interior,1,0.03065,0.636236,0.855667,0.172239,0.0163103,0
151,0.132447,0.635146,-0.0317177,0.879429,0.98443,0.464916,9,0,interior,1,0.0153,0.41061,0.775241,0.30629,0.0151015,0
152,0.132447,0.648818,-0.00100559,0.830267,0.920349,0.464916,4,4,leaf,1,0.0101,0.191154,0.697877,0.434098,0.00314263,0
153,0.802659,0.635146,-0.0317177,0.879429,0.98443,0.0896652,5,0,interior,1,0.0052,0.836861,0.925505,0.0580455,0.00861685,0
154,0.811476,0.635146,-0.0317177,0.846958,0.68571,0.0481487,2,2,leaf,1,9.99979e-05,0.829217,0.660428,0.0082155,0,0
155,0.802659,0.887275,-0.00142735,0.879429,0.98443,0.0896652,3,3,leaf,1,0.0051,0.837011,0.930703,0.0590226,0.00850321,0
156,0.80324,0.627619,-0.0317177,0.928814,0.98443,0.0896652,10,0,interior,1,0.01535,0.861127,0.935832,0.0386257,0.00563609,0
157,0.80324,0.627619,-0.0317177,0.928814,0.952052,0.0896652,5,0,interior,1,0.0052,0.848046,0.914379,0.0274668,0.00399838,0
158,0.846503,0.627619,-0.0317177,0.928814,0.68571,-0.0311079,2,2,leaf,1,9.9998e-05,0.887658,0.656664,-0.0314128,0,0
159,0.80324,0.887275,-0.00142735,0.907037,0.952052,0.0896652,3,3,leaf,1,0.0051,0.84727,0.919432,0.0286213,0.00414536,0
160,0.80324,0.887971,-0.00142735,0.907037,0.98443,0.0896652,5,0,interior,1,0.01015,0.867829,0.946822,0.0443426,0.00647683,0
161,0.80324,0.919653,-0.00100559,0.907037,0.98443,0.0896652,2,2,leaf,1,0.00505,0.863338,0.95169,0.0597394,0.00860088,0
162,0.829686,0.887971,-0.00142735,0.907037,0.98443,0.0896652,3,3,leaf,1,0.0051,0.872276,0.942002,0.0290967,0.00430944,0
163,0.132526,-0.37318,0.407925,0.936143,0.898091,1.67798,75,0,interior,1,0.13245,0.432827,0.224296,0.971386,0.0960698,0
164,0.132579,-0.37318,0.443153,0.936143,0.100908,1.61046,37,0,interior,1,0.06125,0.427077,-0.104429,0.933863,0.115606,1.43846e-12
165,0.318927,-0.23705,0.443153,0.702713,0.0913476,0.904525,18,0,interior,1,0.0207,0.642264,-0.039845,0.697599,0.0700201,0
166,0.318927,-0.23705,0.443153,0.702713,0.00979273,0.738163,9,0,interior,1,0.01035,0.642176,-0.0416283,0.693928,0.0712133,4.16622e-18
167,0.318927,-0.23705,0.443153,0.674824,0.00979273,0.737584,4,4,leaf,1,0.000200002,0.487053,-0.12455,0.556714,0.0919778,2.78217e-16
168,0.586782,-0.089841,0.656074,0.702713,0.00979273,0.738163,5,0,interior,1,0.01015,0.645233,-0.0399943,0.696632,0.0703681,0
169,0.586782,-0.0891266,0.656074,0.702713,0.00979273,0.737584,2,2,leaf,1,0.00505,0.634799,-0.0235179,0.709878,0.0688009,2.55847e-16
170,0.587174,-0.089841,0.656074,0.702713,-0.0383486,0.738163,3,3,leaf,1,0.0051,0.655564,-0.0563092,0.683516,0.0718468,0
171,0.431304,-0.089841,0.656654,0.702713,0.0913476,0.904525,9,0,interior,1,0.01035,0.642352,-0.0380617,0.701269,0.0688061,0
172,0.431304,-0.0416997,0.656654,0.6453,0.0913476,0.903898,4,4,leaf,1,0.000199997,0.533929,0.0385872,0.83174,0.100573,0
173,0.582222,-0.089841,0.656654,0.702713,0.0748671,0.904525,5,0,interior,1,0.01015,0.644489,-0.039572,0.698698,0.0682009,0
174,0.586782,-0.089841,0.656654,0.702321,0.00907831,0.738163,2,2,leaf,1,0.01,0.644552,-0.0403814,0.697408,0.0691141,0
175,0.582222,-0.039063,0.737584,0.702713,0.0748671,0.904525,3,3,leaf,1,0.00015,0.640298,0.0143889,0.784697,0.000853413,0
176,0.132579,-0.37318,0.881883,0.936143,0.100908,1.61046,19,0,interior,1,0.04055,0.317228,-0.137398,1.05447,0.13339,0
177,0.132579,-0.37318,1.14615,0.244621,-0.275175,1.20357,9,0,interior,1,0.02025,0.188901,-0.324232,1.17493,0.0490018,4.17702e-12
178,0.132579,-0.37318,1.14615,0.244621,-0.275733,1.20357,4,4,leaf,1,0.0101,0.172379,-0.327233,1.17514,0.0472106,0
179,0.132579,-0.37318,1.14615,0.244621,-0.275175,1.20357,5,0,interior,1,0.01015,0.205342,-0.321246,1.17472,0.0508073,0
180,0.132579,-0.356549,1.14615,0.24453,-0.275175,1.20357,2,2,leaf,1,0.00505,0.202753,-0.307392,1.16565,0.0478291,8.25257e-12
181,0.145921,-0.37318,1.14615,0.244621,-0.275175,1.20357,3,3,leaf,1,0.0051,0.207905,-0.334964,1.1837,0.0537539,0
182,0.411062,-0.310545,0.881883,0.936143,0.100908,1.61046,10,0,interior,1,0.0203,0.445239,0.0489762,0.934313,0.210436,0
183,0.411062,0.000509185,0.881883,0.474892,0.100908,0.979569,5,0,interior,1,0.0151,0.44145,0.0449603,0.92531,0.209581,0
184,0.411062,0.000509185,0.881883,0.432185,0.0104859,0.979569,2,2,leaf,1,9.99985e-05,0.421624,0.00549756,0.930726,0,0
185,0.411062,0.000509185,0.881883,0.474892,0.100908,0.979569,3,3,leaf,1,0.015,0.441582,0.0452234,0.925274,0.210739,0
186,0.411062,-0.310545,0.882107,0.936143,0.100908,1.61046,5,0,interior,1,0.00519999,0.456241,0.0606375,0.960458,0.21287,0
187,0.411943,0.0100697,0.882107,0.474892,0.100908,0.979569,2,2,leaf,1,0.00505,0.447092,0.0671972,0.947402,0.213545,0
188,0.411062,-0.310545,0.979345,0.936143,0.100908,1.61046,3,3,leaf,1,0.000149995,0.764297,-0.160213,1.4,0.158261,0
189,0.132526,0.0676796,0.407925,0.661574,0.898091,1.67798,38,0,interior,1,0.0712,0.437774,0.507082,1.00367,0.0734215,6.70414e-12
190,0.132526,0.0676796,0.407925,0.661574,0.898091,0.903898,19,0,interior,1,0.0356,0.48641,0.698196,0.707116,0.0220906,1.7256e-11
191,0.132526,0.0676796,0.407925,0.656621,0.818644,0.903898,9,0,interior,1,0.0153,0.330649,0.500424,0.586202,0.0258461,0
192,0.132526,0.0676796,0.408752,0.656621,0.730164,0.903898,4,4,leaf,1,0.0101,0.392634,0.390227,0.654422,0.0417631,5.88682e-11
193,0.132526,0.662445,0.407925,0.643615,0.818644,0.827806,5,0,interior,1,0.00520001,0.210255,0.714459,0.453698,0.00384725,5.66024e-11
194,0.132526,0.662445,0.408752,0.24325,0.744903,0.464916,2,2,leaf,1,0.00505,0.202392,0.712591,0.446378,0.00256017,5.63176e-11
195,0.231436,0.663001,0.407925,0.643615,0.818644,0.827806,3,3,leaf,1,0.000150005,0.474982,0.777364,0.70015,0.0724438,0
196,0.545948,0.79603,0.768976,0.661574,0.898091,0.827806,10,0,interior,1,0.0203,0.603805,0.847256,0.798248,0.012824,0
197,0.545948,0.79603,0.768976,0.661446,0.898091,0.827806,5,0,interior,1,0.0151,0.597043,0.843872,0.801458,0.0105073,0
198,0.545948,0.818078,0.768976,0.564035,0.898091,0.827806,2,2,leaf,1,0.000100005,0.554992,0.858084,0.798391,0.24688,0
199,0.545948,0.79603,0.768976,0.661446,0.898091,0.827806,3,3,leaf,1,0.015,0.597323,0.843777,0.801478,0.00413904,0
200,0.563907,0.79603,0.768976,0.661574,0.898091,0.827806,5,0,interior,1,0.00520001,0.623442,0.857083,0.788927,0.0180652,0
201,0.643488,0.79603,0.768976,0.661574,0.876042,0.827806,2,2,leaf,1,0.000100005,0.652531,0.836036,0.798391,0.25546,0
202,0.563907,0.796596,0.768976,0.661574,0.898091,0.827806,3,3,leaf,1,0.00510001,0.622872,0.857495,0.788742,0.00675897,0
203,0.173959,0.0676796,0.826002,0.656621,0.511418,1.67798,19,0,interior,1,0.0356,0.389138,0.315967,1.30022,0.121282,0
204,0.453768,0.0676796,0.826002,0.656621,0.174224,0.979569,9,0,interior,1,0.0153,0.622378,0.126147,0.861806,0.095602,0
205,0.453768,0.0747789,0.881883,0.594317,0.174224,0.979569,4,4,leaf,1,0.000199993,0.526299,0.11021,0.917469,0.137026,0
206,0.582996,0.0676796,0.826002,0.656621,0.174224,0.904525,5,0,interior,1,0.0151,0.62365,0.126358,0.861068,0.0948175,0
207,0.582996,0.0676796,0.826002,0.656621,0.174224,0.904525,2,2,leaf,1,0.01,0.629805,0.119769,0.852281,0.0952841,0
208,0.582996,0.0747789,0.826002,0.656621,0.174224,0.904525,3,3,leaf,1,0.0051,0.611581,0.139278,0.878299,0.0938729,0
209,0.173959,0.406568,1.58377,0.252584,0.511418,1.67798,10,0,interior,1,0.0203,0.213346,0.459033,1.63064,0.135979,0
210,0.173959,0.406568,1.58377,0.252584,0.511418,1.67798,5,0,interior,1,0.0151,0.214506,0.453013,1.63611,0.135395,0
211,0.221378,0.406568,1.58377,0.252584,0.423376,1.67798,2,2,leaf,1,9.99986e-05,0.236981,0.414972,1.63088,0,0
212,0.173959,0.406568,1.58377,0.252584,0.511418,1.67798,3,3,leaf,1,0.015,0.214356,0.453267,1.63615,0.135164,0
213,0.173959,0.422931,1.58377,0.252584,0.511418,1.67798,5,0,interior,1,0.00519999,0.20998,0.476514,1.61477,0.137476,0
214,0.204338,0.422931,1.58377,0.252584,0.511418,1.58412,2,2,leaf,1,0.0001,0.228461,0.467174,1.58395,0,0
215,0.173959,0.422931,1.58377,0.251758,0.511418,1.67798,3,3,leaf,1,0.00509999,0.209617,0.476698,1.61537,0.13471,0
216,-1.02537,-0.948463,1.61015,1.00305,0.977793,3.04163,300,0,interior,1,0.51,0.0506779,0.134927,2.36525,0.1773,6.78674e-10
217,-1.02537,-0.186732,1.61229,0.0406229,0.977793,3.03359,150,0,interior,1,0.25995,-0.488695,0.431426,2.389,0.159461,1.22086e-09
218,-0.973789,0.00153422,1.61229,0.0406229,0.751257,2.39491,75,0,interior,1,0.1275,-0.458512,0.393652,1.98487,0.209754,1.58639e-14
219,-0.973789,0.128593,1.61229,-0.394818,0.751257,2.39491,37,0,interior,1,0.06125,-0.767967,0.411528,1.9324,0.125523,8.29981e-15
220,-0.973789,0.128593,1.61229,-0.394818,0.751257,1.88321,18,0,interior,1,0.0306,-0.757466,0.373356,1.78287,0.127901,0
221,-0.973789,0.128593,1.61229,-0.394818,0.485397,1.88321,9,0,interior,1,0.0153,-0.598389,0.274135,1.71924,0.174229,0
222,-0.973789,0.405682,1.80303,-0.864169,0.485397,1.88321,4,4,leaf,1,0.00515,-0.921241,0.443902,1.83015,0.0807236,0
223,-0.925182,0.128593,1.61229,-0.394818,0.485397,1.80363,5,0,interior,1,0.01015,-0.434578,0.187997,1.66297,0.221543,0
224,-0.925182,0.213382,1.61233,-0.447834,0.485397,1.80363,2,2,leaf,1,9.99994e-05,-0.66709,0.336775,1.74118,0,0
225,-0.451859,0.128593,1.61229,-0.394818,0.215899,1.71226,3,3,leaf,1,0.01005,-0.432264,0.186517,1.66219,0.222099,0
226,-0.973789,0.406168,1.67322,-0.597745,0.751257,1.88321,9,0,interior,1,0.0153,-0.916543,0.472578,1.84651,0.0801708,0
227,-0.973789,0.406168,1.80303,-0.864169,0.522343,1.88321,4,4,leaf,1,0.0101,-0.927133,0.470292,1.85665,0.0808937,0
228,-0.925813,0.406168,1.67322,-0.597745,0.751257,1.88321,5,0,interior,1,0.00520001,-0.895973,0.477017,1.82681,0.078756,0
229,-0.925813,0.406168,1.80303,-0.864169,0.522343,1.88321,2,2,leaf,1,0.00505,-0.900923,0.471561,1.82956,0.078708,0
230,-0.912775,0.485397,1.67322,-0.597745,0.751257,1.88321,3,3,leaf,1,0.000150006,-0.729316,0.660713,1.73431,0.0552347,0
231,-0.886266,0.275526,1.91525,-0.685598,0.708896,2.39491,19,0,interior,1,0.03065,-0.778452,0.449638,2.08169,0.0818963,1.52208e-14
232,-0.817269,0.275526,1.91525,-0.685598,0.406972,1.96789,9,0,interior,1,0.0153,-0.758722,0.341584,1.93844,0.102453,0
233,-0.817269,0.275526,1.91525,-0.745394,0.406972,1.96789,4,4,leaf,1,0.00514999,-0.773956,0.342976,1.93335,0.103241,0
234,-0.817269,0.275526,1.91525,-0.685598,0.406972,1.96789,5,0,interior,1,0.01015,-0.750992,0.340879,1.94102,0.10203,0
235,-0.745756,0.275526,1.91525,-0.685598,0.337073,1.96789,2,2,leaf,1,9.99956e-05,-0.715677,0.306299,1.94157,0,0
236,-0.817269,0.275526,1.91525,-0.685598,0.406972,1.96703,3,3,leaf,1,0.01005,-0.751343,0.341223,1.94101,0.100013,0
237,-0.886266,0.275526,1.9161,-0.685598,0.708896,2.39491,10,0,interior,1,0.01535,-0.798117,0.557339,2.22447,0.059717,1.10445e-14
238,-0.886266,0.275526,1.9161,-0.685598,0.708896,2.32843,5,0,interior,1,0.0052,-0.731628,0.347206,1.95821,0.099421,9.03031e-14
239,-0.757473,0.275526,1.9161,-0.685598,0.406602,1.96789,2,2,leaf,1,0.00505,-0.729531,0.339813,1.9508,0.10085,0
240,-0.886266,0.337073,1.96703,-0.685598,0.708896,2.32843,3,3,leaf,1,0.000150007,-0.80221,0.596093,2.20782,0.0251495,1.90446e-12
241,-0.886266,0.62168,2.32768,-0.777672,0.708896,2.39491,5,0,interior,1,0.01015,-0.832181,0.664993,2.36087,0.0349121,0
242,-0.886266,0.62168,2.32768,-0.876897,0.696465,2.39491,2,2,leaf,1,0.000100009,-0.881582,0.659073,2.3613,0.349576,0
243,-0.886184,0.62168,2.32768,-0.777672,0.708896,2.39416,3,3,leaf,1,0.01005,-0.831689,0.665052,2.36087,0.0211514,0
244,-0.451012,0.00153422,1.61229,0.0406229,0.685968,2.39468,38,0,interior,1,0.06625,-0.172411,0.377125,2.03337,0.290875,3.40172e-14
245,-0.451012,0.128593,1.61229,-0.132255,0.685968,2.08672,19,0,interior,1,0.03065,-0.254097,0.476822,1.80772,0.267991,4.05789e-14
246,-0.451012,0.128593,1.61229,-0.132255,0.595862,2.08672,9,0,interior,1,0.01035,-0.410581,0.163708,1.6669,0.220072,0
247,-0.451012,0.128593,1.61229,-0.394818,0.215369,1.71226,4,4,leaf,1,0.0101,-0.414327,0.157835,1.66227,0.222959,0
248,-0.448682,0.13058,1.71222,-0.132255,0.595862,2.08672,5,0,interior,1,0.000250002,-0.259213,0.400966,1.85403,0.0909853,0
249,-0.448682,0.13058,1.71222,-0.394818,0.215899,1.71226,2,2,leaf,1,9.99985e-05,-0.42175,0.17324,1.71224,0,0
250,-0.177254,0.416287,1.83049,-0.132255,0.595862,2.08672,3,3,leaf,1,0.000150003,-0.15086,0.552778,1.94855,0.126813,0
251,-0.2056,0.586516,1.83049,-0.142814,0.685968,1.92855,10,0,interior,1,0.0203,-0.174314,0.636464,1.87952,0.289809,5.9971e-14
252,-0.2056,0.586516,1.83049,-0.142814,0.685968,1.92835,5,0,interior,1,0.01015,-0.173986,0.636622,1.87886,0.289767,2.29922e-13
253,-0.2056,0.586516,1.83049,-0.161349,0.677047,1.83069,2,2,leaf,1,9.99997e-05,-0.183475,0.631781,1.83059,0,0
254,-0.2056,0.586941,1.83049,-0.142814,0.685968,1.92835,3,3,leaf,1,0.01005,-0.173891,0.63667,1.87934,0.292123,0
255,-0.2056,0.586516,1.83069,-0.142814,0.685968,1.92855,5,0,interior,1,0.01015,-0.174643,0.636306,1.88018,0.289851,0
256,-0.2056,0.586516,1.83069,-0.143696,0.685543,1.92855,2,2,leaf,1,0.01,-0.174648,0.63603,1.87962,0.293032,0
257,-0.2056,0.595437,1.83069,-0.142814,0.685968,1.92855,3,3,leaf,1,0.00015,-0.174277,0.654705,1.91759,0.0640254,0
258,-0.209121,0.00153422,2.08637,0.0406229,0.521648,2.39468,19,0,interior,1,0.0356,-0.102082,0.29129,2.22765,0.308093,5.77549e-15
259,-0.209121,0.00153422,2.08637,0.0406229,0.432344,2.39468,9,0,interior,1,0.0153,-0.0110368,0.055417,2.35245,0.369222,9.61811e-15
260,-0.0509321,0.00153422,2.32003,0.0399083,0.115523,2.39468,4,4,leaf,1,0.0101,-0.00954539,0.0422046,2.35736,0.371403,0
261,-0.209121,0.0189177,2.08637,0.0406229,0.432344,2.39468,5,0,interior,1,0.0052,-0.0139336,0.0810797,2.34293,0.364899,4.05176e-14
262,-0.0509321,0.0189177,2.32003,-0.0243843,0.115714,2.32071,2,2,leaf,1,9.99936e-05,-0.0376582,0.067316,2.32037,0,0
263,-0.209121,0.0191088,2.08637,0.0406229,0.432344,2.39468,3,3,leaf,1,0.0051,-0.0134684,0.0813496,2.34337,0.368106,0
264,-0.209121,0.416287,2.08637,-0.132255,0.521648,2.18049,10,0,interior,1,0.0203,-0.170702,0.469066,2.13358,0.211313,0
265,-0.209121,0.416287,2.08637,-0.132255,0.521648,2.18049,5,0,interior,1,0.01015,-0.17084,0.469503,2.13303,0.210611,0
266,-0.178091,0.416287,2.08637,-0.133093,0.521648,2.18014,2,2,leaf,1,0.00505,-0.158479,0.481108,2.11732,0.212964,0
267,-0.209121,0.416709,2.08637,-0.132255,0.521648,2.18049,3,3,leaf,1,0.0051,-0.183081,0.458012,2.14858,0.208238,0
268,-0.209121,0.416287,2.08672,-0.132255,0.521648,2.18049,5,0,interior,1,0.01015,-0.170564,0.468629,2.13414,0.212013,0
269,-0.209121,0.416287,2.08672,-0.132255,0.50559,2.18049,2,2,leaf,1,0.00505,-0.172851,0.451025,2.11828,0.209829,0
270,-0.209121,0.431922,2.08672,-0.132255,0.521648,2.18049,3,3,leaf,1,0.0051,-0.1683,0.486061,2.14984,0.214178,0
271,-1.02537,-0.186732,2.32843,0.0190163,0.977793,3.03359,75,0,interior,1,0.13245,-0.517751,0.467789,2.77803,0.108059,2.49705e-09
272,-1.02537,-0.186732,2.69892,-0.0980273,0.617191,3.03359,37,0,interior,1,0.0612499,-0.417119,0.120127,2.88818,0.0998347,9.70533e-14
273,-1.02537,-0.186732,2.69892,-0.275199,0.617191,2.93717,18,0,interior,1,0.02565,-0.696597,0.177309,2.80242,0.0414068,1.66012e-13
274,-0.852341,-0.186732,2.75546,-0.275199,0.277119,2.93717,9,0,interior,1,0.01035,-0.554404,0.046082,2.82905,0.0463209,2.52858e-12
275,-0.852341,0.198284,2.75546,-0.725678,0.277119,2.80746,4,4,leaf,1,0.00514999,-0.779813,0.238035,2.77219,0.0370735,4.10919e-12
276,-0.369367,-0.186732,2.85921,-0.275199,-0.0920735,2.93717,5,0,interior,1,0.00520001,-0.331163,-0.144025,2.88536,0.0525788,5.24128e-13
277,-0.369367,-0.186732,2.85921,-0.275199,-0.151618,2.85984,2,2,leaf,1,0.000100004,-0.322283,-0.169175,2.85952,0.0532096,2.68204e-11
278,-0.369367,-0.186732,2.85921,-0.275465,-0.0920735,2.93717,3,3,leaf,1,0.0051,-0.331337,-0.143532,2.88586,0.051791,0
279,-1.02537,0.198284,2.69892,-0.725678,0.617191,2.80746,9,0,interior,1,0.0153,-0.792787,0.26608,2.7844,0.037012,0
280,-0.852341,0.198284,2.75546,-0.725678,0.318149,2.80746,4,4,leaf,1,0.0101,-0.789055,0.258115,2.78197,0.0333087,0
281,-1.02537,0.239314,2.69892,-0.725678,0.617191,2.80746,5,0,interior,1,0.0052,-0.800035,0.28155,2.78911,0.0432211,1.62269e-13
282,-0.852341,0.239314,2.75546,-0.725678,0.318149,2.8066,2,2,leaf,1,0.00505,-0.798645,0.278224,2.78939,0.0331139,1.59986e-13
283,-1.02537,0.276652,2.69892,-0.725678,0.617191,2.80746,3,3,leaf,1,0.000149997,-0.846808,0.393529,2.77974,0.0803607,0
284,-0.369101,-0.186732,2.85921,-0.0980273,0.27235,3.03359,19,0,interior,1,0.0355999,-0.215752,0.0789275,2.94997,0.100741,1.45087e-12
285,-0.369101,-0.186732,2.85921,-0.190455,0.234177,3.03359,9,0,interior,1,0.0153,-0.303901,-0.135474,2.90312,0.0403437,0
286,-0.369101,-0.186732,2.85921,-0.253394,-0.0927996,2.93717,4,4,leaf,1,0.0101,-0.29542,-0.145247,2.89819,0.0373324,0
287,-0.369101,-0.151618,2.85921,-0.190455,0.234177,3.03359,5,0,interior,1,0.0052,-0.320373,-0.116491,2.91269,0.04562,0
288,-0.369101,-0.151618,2.85921,-0.253394,-0.0920735,2.93717,2,2,leaf,1,0.00505,-0.322883,-0.123306,2.91102,0.0102676,0
289,-0.347561,-0.126461,2.93653,-0.190455,0.234177,3.03359,3,3,leaf,1,0.000149999,-0.235868,0.112961,2.96911,0.236567,0
290,-0.201058,0.208504,2.93699,-0.0980273,0.27235,3.03359,10,0,interior,1,0.0203,-0.149315,0.240521,2.98529,0.0409494,3.51846e-12
291,-0.201058,0.208504,2.93699,-0.0980273,0.27235,3.03359,5,0,interior,1,0.01015,-0.149455,0.240859,2.98476,0.0409683,5.06359e-12
292,-0.201058,0.208504,2.93699,-0.0983951,0.27235,3.03332,2,2,leaf,1,0.00504999,-0.166768,0.238474,3.00058,0.0389648,3.38641e-12
293,-0.190823,0.208504,2.93699,-0.0980273,0.27235,3.03359,3,3,leaf,1,0.00509999,-0.13231,0.24322,2.9691,0.0428726,3.48708e-12
294,-0.201058,0.208504,2.93699,-0.0980273,0.27235,3.03359,5,0,interior,1,0.01015,-0.149176,0.240183,2.98582,0.0409305,0
295,-0.201058,0.233287,3.03332,-0.108263,0.27235,3.03359,2,2,leaf,1,9.99965e-05,-0.154661,0.252819,3.03346,0,0
296,-0.20069,0.208504,2.93699,-0.0980273,0.27146,3.03359,3,3,leaf,1,0.01005,-0.149121,0.240058,2.98534,0.0332836,0
297,-1.02537,0.569737,2.32843,0.0190163,0.977793,2.82684,38,0,interior,1,0.0712,-0.60432,0.766866,2.68327,0.0984582,4.78734e-09
298,-1.02537,0.569737,2.32843,-0.663854,0.977793,2.77761,19,0,interior,1,0.03065,-0.920923,0.64106,2.61345,0.0932837,0
299,-0.984027,0.569737,2.32843,-0.740459,0.977793,2.71981,9,0,interior,1,0.01035,-0.831945,0.667629,2.36828,0.0320459,0
300,-0.984027,0.569737,2.39416,-0.777672,0.636475,2.69955,4,4,leaf,1,0.00020002,-0.8868,0.615666,2.54689,0.0807646,0
301,-0.886266,0.62234,2.32843,-0.740459,0.977793,2.71981,5,0,interior,1,0.01015,-0.830864,0.668653,2.36476,0.0304698,0
302,-0.886266,0.62234,2.32843,-0.777672,0.708896,2.39491,2,2,leaf,1,0.00505,-0.846345,0.651272,2.37275,0.028781,0
303,-0.886266,0.634771,2.32843,-0.740459,0.977793,2.71981,3,3,leaf,1,0.0051,-0.815535,0.685863,2.35685,0.0319777,0
304,-1.02537,0.569737,2.69892,-0.663854,0.975859,2.77761,10,0,interior,1,0.0203,-0.966289,0.627514,2.73845,0.039894,0
305,-1.02537,0.569737,2.69892,-0.908518,0.683344,2.77761,5,0,interior,1,0.02005,-0.967055,0.626477,2.7383,0.0321231,0
306,-1.02537,0.569737,2.69892,-0.950379,0.683344,2.77761,2,2,leaf,1,0.00505,-0.986837,0.623397,2.75097,0.034574,0
307,-1.02485,0.569737,2.69892,-0.908518,0.683344,2.77761,3,3,leaf,1,0.015,-0.960396,0.627514,2.73403,0.0312719,0
308,-1.02537,0.616606,2.69892,-0.663854,0.975859,2.77761,5,0,interior,1,0.00025002,-0.904857,0.710636,2.75019,0.173106,0
309,-1.02537,0.616606,2.77699,-0.949863,0.683344,2.77761,2,2,leaf,1,0.000100011,-0.987617,0.649975,2.7773,0.116093,0
310,-0.950379,0.63589,2.69892,-0.663854,0.975859,2.77761,3,3,leaf,1,0.000150009,-0.849681,0.751079,2.73211,0.159175,0
311,-0.742033,0.726021,2.6198,0.0190163,0.977793,2.82684,19,0,interior,1,0.04055,-0.365013,0.861958,2.73605,0.0894413,7.80063e-09
312,-0.742033,0.912722,2.6198,-0.662911,0.977793,2.71981,9,0,interior,1,0.02025,-0.702311,0.945129,2.66968,0.0948185,2.00447e-13
313,-0.742033,0.912722,2.6198,-0.662911,0.977793,2.71979,4,4,leaf,1,0.00515,-0.714788,0.95499,2.65249,0.0974404,1.87183e-11
314,-0.742033,0.912722,2.6198,-0.662911,0.977793,2.71981,5,0,interior,1,0.0151,-0.698056,0.941766,2.67555,0.093866,0
315,-0.742033,0.912722,2.6198,-0.663542,0.977793,2.71981,2,2,leaf,1,0.01,-0.702629,0.945064,2.68647,0.0923941,0
316,-0.742033,0.912722,2.61982,-0.662911,0.977793,2.71981,3,3,leaf,1,0.0051,-0.689088,0.935299,2.65413,0.0966174,0
317,-0.0756748,0.726021,2.77742,0.0190163,0.83193,2.82684,10,0,interior,1,0.0203,-0.028544,0.778991,2.80225,0.118086,8.31388e-09
318,-0.0756748,0.726021,2.77742,0.0190163,0.83193,2.82684,5,0,interior,1,0.0151,-0.0240063,0.772808,2.79931,0.116291,1.38669e-08
319,-0.0756748,0.726021,2.77742,0.012016,0.732175,2.82684,2,2,leaf,1,9.99855e-05,-0.0318295,0.729098,2.80213,0,0
320,-0.0756748,0.726021,2.77742,0.0190163,0.83193,2.82684,3,3,leaf,1,0.015,-0.0239541,0.773099,2.79929,0.116949,1.40648e-08
321,-0.0756748,0.732141,2.77742,0.0190163,0.83193,2.82684,5,0,interior,1,0.00519997,-0.0417211,0.796944,2.8108,0.12316,0
322,-0.0756748,0.732141,2.82597,-0.0681902,0.83193,2.82684,2,2,leaf,1,9.99856e-05,-0.0719325,0.782036,2.82641,0,0
323,-0.0751905,0.732141,2.77742,0.0190163,0.83193,2.82684,3,3,leaf,1,0.00509998,-0.0411288,0.797237,2.81049,0.114428,0
324,-0.0250989,-0.948463,1.61015,1.00305,0.967749,3.04163,150,0,interior,1,0.25005,0.611406,-0.173312,2.34057,0.182404,1.99551e-10
325,0.121494,-0.948463,1.61015,0.936143,-0.144721,3.04163,75,0,interior,1,0.1275,0.612632,-0.510738,2.1655,0.1824,4.16346e-10
326,0.121494,-0.9331,1.61015,0.936143,-0.210588,2.14066,37,0,interior,1,0.06125,0.619616,-0.404531,1.8489,0.25352,4.71522e-10
327,0.121494,-0.9331,1.82057,0.8232,-0.351433,2.13965,18,0,interior,1,0.02565,0.283751,-0.433885,1.99032,0.297513,3.93954e-12
328,0.121494,-0.453783,1.98227,0.199835,-0.351433,2.0497,9,0,interior,1,0.0153,0.156082,-0.407911,2.01226,0.333443,1.54487e-12
329,0.121494,-0.453783,1.98227,0.199169,-0.351454,2.0497,4,4,leaf,1,0.0101,0.160122,-0.419596,2.01598,0.335294,0
330,0.121494,-0.451403,1.98227,0.199835,-0.351433,2.0497,5,0,interior,1,0.00520001,0.148234,-0.385215,2.00502,0.329763,3.2389e-12
331,0.121494,-0.451403,1.98227,0.125354,-0.351433,1.98301,2,2,leaf,1,0.000100008,0.123424,-0.401418,1.98264,0.0479211,0
332,0.121494,-0.451382,1.98227,0.199835,-0.351433,2.0497,3,3,leaf,1,0.00510001,0.148721,-0.384897,2.00545,0.332116,3.16676e-12
333,0.125354,-0.9331,1.82057,0.8232,-0.351454,2.13965,9,0,interior,1,0.01035,0.472479,-0.472281,1.95789,0.233477,8.58912e-10
334,0.125354,-0.9331,1.98227,0.763015,-0.351454,2.13965,4,4,leaf,1,0.00515001,0.179489,-0.391949,2.02826,0.336813,1.708e-11
335,0.664283,-0.9331,1.82057,0.8232,-0.517375,2.13965,5,0,interior,1,0.00519999,0.762654,-0.55184,1.8882,0.0545393,1.79838e-09
336,0.664283,-0.9331,1.82057,0.763162,-0.553519,2.13965,2,2,leaf,1,9.99979e-05,0.732643,-0.744852,1.9964,0,0
337,0.72996,-0.573994,1.82057,0.8232,-0.517375,1.91855,3,3,leaf,1,0.00509999,0.763242,-0.548056,1.88607,0.0446927,1.78146e-09
338,0.730314,-0.752022,1.61015,0.936143,-0.210588,2.14066,19,0,interior,1,0.0356,0.861609,-0.383381,1.747,0.141754,1.16029e-09
339,0.730314,-0.752022,1.82057,0.914322,-0.517375,2.14066,9,0,interior,1,0.0153,0.786685,-0.545498,1.865,0.0452629,2.09803e-09
340,0.737544,-0.573994,1.82057,0.831137,-0.517375,1.91855,4,4,leaf,1,0.00514999,0.797231,-0.542607,1.85253,0.0499077,2.08268e-09
341,0.730314,-0.752022,1.82057,0.914322,-0.517375,2.14066,5,0,interior,1,0.01015,0.781335,-0.546965,1.87132,0.0426905,3.70164e-11
342,0.730314,-0.554431,1.82057,0.831137,-0.517375,1.91855,2,2,leaf,1,0.00505,0.795307,-0.536731,1.88596,0.0391454,0
343,0.730314,-0.752022,1.82078,0.914322,-0.517375,2.14066,3,3,leaf,1,0.00509999,0.7675,-0.557099,1.85682,0.0454937,3.73008e-11
344,0.900168,-0.311794,1.61015,0.936143,-0.210588,1.70552,10,0,interior,1,0.0203,0.918079,-0.261194,1.65807,0.220865,5.34892e-13
345,0.900168,-0.311794,1.61015,0.936143,-0.211837,1.70552,5,0,interior,1,0.00519999,0.913117,-0.278395,1.67383,0.222614,0
346,0.904194,-0.311794,1.61015,0.936143,-0.310507,1.70552,2,2,leaf,1,9.99956e-05,0.920168,-0.311151,1.65783,0,0
347,0.900168,-0.311794,1.61015,0.935193,-0.211837,1.70552,3,3,leaf,1,0.0051,0.912978,-0.277753,1.67415,0.226801,0
348,0.900168,-0.311756,1.61015,0.936143,-0.210588,1.70552,5,0,interior,1,0.0151,0.919788,-0.255271,1.65264,0.22025,7.63259e-13
349,0.901118,-0.311756,1.61046,0.936143,-0.210588,1.70552,2,2,leaf,1,0.01,0.91863,-0.261172,1.65799,0.221295,0
350,0.900168,-0.310545,1.61015,0.935193,-0.210588,1.70552,3,3,leaf,1,0.0051,0.922058,-0.2437,1.64215,0.218166,1.51877e-12
351,0.192887,-0.948463,2.1395,0.914322,-0.144721,3.04163,38,0,interior,1,0.0662499,0.606175,-0.60893,2.45821,0.10498,2.62731e-12
352,0.664135,-0.948463,2.1395,0.914322,-0.750922,2.23844,19,0,interior,1,0.0405499,0.78976,-0.851204,2.18806,0.018748,1.05431e-11
353,0.664135,-0.948463,2.1395,0.814318,-0.751853,2.23844,9,0,interior,1,0.02025,0.715054,-0.932441,2.189,0.0288371,4.33117e-10
354,0.664135,-0.948463,2.1395,0.765334,-0.918171,2.23844,4,4,leaf,1,0.0101,0.698002,-0.935366,2.18897,0.0277558,4.96348e-10
355,0.664135,-0.948463,2.1395,0.814318,-0.751853,2.23844,5,0,interior,1,0.01015,0.732021,-0.92953,2.18903,0.0298765,5.2395e-10
356,0.666602,-0.948463,2.1395,0.765482,-0.917194,2.23828,2,2,leaf,1,0.00504999,0.732067,-0.933286,2.20503,0.0278556,0
357,0.664135,-0.933535,2.13965,0.814318,-0.751853,2.23844,3,3,leaf,1,0.00509999,0.731975,-0.925811,2.1732,0.0318271,5.5301e-10
358,0.813917,-0.789348,2.14029,0.914322,-0.750922,2.2338,10,0,interior,1,0.0203,0.864283,-0.770167,2.18712,0.0132344,1.88439e-11
359,0.813917,-0.789348,2.14029,0.914311,-0.750922,2.2338,5,0,interior,1,0.01015,0.847452,-0.7701,2.18743,0.013545,0
360,0.813917,-0.788416,2.14029,0.913921,-0.750922,2.2338,2,2,leaf,1,9.99973e-05,0.830723,-0.775678,2.20263,0,0
361,0.813917,-0.789348,2.14029,0.914311,-0.750922,2.2338,3,3,leaf,1,0.01005,0.847619,-0.770045,2.18728,0.0091471,0
362,0.813917,-0.789348,2.14029,0.914322,-0.750922,2.2338,5,0,interior,1,0.01015,0.881114,-0.770233,2.18682,0.0128193,0
363,0.813917,-0.789348,2.14029,0.914322,-0.751853,2.23343,2,2,leaf,1,0.00504999,0.880716,-0.776606,2.20177,0.0119746,3.8843e-11
364,0.814328,-0.789348,2.14029,0.914322,-0.750922,2.2338,3,3,leaf,1,0.00509999,0.881509,-0.763922,2.172,0.0135715,0
365,0.192887,-0.948463,2.23828,0.765482,-0.144721,3.04163,19,0,interior,1,0.0257,0.31651,-0.226666,2.88447,0.240396,1.82371e-12
366,0.192887,-0.948463,2.23828,0.765482,-0.144721,2.94163,9,0,interior,1,0.0054,0.638827,-0.204189,2.48068,0.289616,8.53039e-12
367,0.192887,-0.948463,2.23828,0.765482,-0.199254,2.94163,4,4,leaf,1,0.000200001,0.473373,-0.586584,2.58999,0.0674715,7.5553e-11
368,0.590043,-0.229595,2.45196,0.700782,-0.144721,2.52687,5,0,interior,1,0.0052,0.64519,-0.189481,2.47648,0.296867,2.88425e-12
369,0.590043,-0.229595,2.45196,0.644184,-0.144721,2.45263,2,2,leaf,1,9.99995e-05,0.617114,-0.187158,2.45229,0,0
370,0.590671,-0.229595,2.45196,0.700782,-0.144721,2.52687,3,3,leaf,1,0.0051,0.645741,-0.189527,2.47695,0.298825,0
371,0.192887,-0.266036,2.94163,0.268654,-0.199254,3.04163,10,0,interior,1,0.0203,0.23077,-0.232645,2.99188,0.177341,0
372,0.192887,-0.266036,2.94163,0.267993,-0.199254,3.04163,5,0,interior,1,0.01015,0.230013,-0.232654,2.99188,0.177366,0
373,0.192887,-0.266036,2.94163,0.267993,-0.199254,3.04163,2,2,leaf,1,0.00505,0.242465,-0.221705,2.97529,0.176781,0
374,0.192887,-0.266036,2.94163,0.267993,-0.199258,3.04163,3,3,leaf,1,0.00509999,0.217682,-0.243495,3.0083,0.177959,0
375,0.193547,-0.266036,2.94163,0.268654,-0.199254,3.04163,5,0,interior,1,0.01015,0.231528,-0.232636,2.99188,0.177316,0
376,0.26799,-0.200009,2.94163,0.268654,-0.199254,3.04163,2,2,leaf,1,9.99972e-05,0.268322,-0.199632,2.99163,0,0
377,0.193547,-0.266036,2.94163,0.268654,-0.199258,3.04163,3,3,leaf,1,0.01005,0.231162,-0.232964,2.99188,0.176949,0
378,-0.0250989,-0.229595,1.67763,1.00305,0.967749,2.92151,75,0,interior,1,0.12255,0.610131,0.177743,2.5227,0.168386,5.02613e-12
379,-0.0250989,-0.229595,1.67763,1.00305,0.495056,2.52687,37,0,interior,1,0.06125,0.780743,0.0634638,2.2279,0.216854,0
380,-0.0250989,-0.229595,1.67763,0.941457,0.495056,2.52687,18,0,interior,1,0.0306,0.620686,-0.0936668,2.39715,0.250882,0
381,-0.0250989,-0.229595,1.67763,0.647268,0.495056,2.52687,9,0,interior,1,0.01035,0.315914,-0.0391408,2.41614,0.33768,0
382,-0.0250989,0.00153422,1.67763,0.222205,0.495056,2.39401,4,4,leaf,1,0.00515,0.0138591,0.0794626,2.35568,0.369357,0
383,0.0140751,-0.229595,2.39401,0.647268,0.0983309,2.52687,5,0,interior,1,0.0052,0.615065,-0.156604,2.47601,0.297771,0
384,0.0140751,0.00153422,2.39401,0.0406229,0.0983309,2.39468,2,2,leaf,1,9.99937e-05,0.027349,0.0499326,2.39434,0,0
385,0.590043,-0.229595,2.45196,0.647268,-0.108869,2.52687,3,3,leaf,1,0.0051,0.626588,-0.160653,2.47761,0.297993,0
386,0.590671,-0.229595,2.22318,0.941457,-0.05451,2.52687,9,0,interior,1,0.02025,0.776458,-0.121536,2.38745,0.201121,0
387,0.85398,-0.105309,2.22318,0.941302,-0.05451,2.32319,4,4,leaf,1,0.0101,0.897213,-0.0800961,2.27318,0.0713241,0
388,0.590671,-0.229595,2.32318,0.941457,-0.0559762,2.52687,5,0,interior,1,0.01015,0.656299,-0.162771,2.50115,0.29756,0
389,0.590671,-0.229595,2.45196,0.700782,-0.108869,2.52687,2,2,leaf,1,0.01,0.654845,-0.163256,2.50179,0.299228,0
390,0.646641,-0.193742,2.32318,0.941457,-0.0559762,2.52687,3,3,leaf,1,0.000149999,0.753185,-0.130395,2.45875,0.162436,0
391,0.85398,-0.105309,1.9075,1.00305,0.426703,2.32319,19,0,interior,1,0.03065,0.940539,0.220338,2.05892,0.0681689,6.73544e-15
392,0.85398,-0.105309,1.9075,1.00305,0.333602,2.32319,9,0,interior,1,0.01035,0.89927,-0.0757781,2.26984,0.074521,0
393,0.85398,-0.105309,2.22318,0.941795,-0.0551064,2.32319,4,4,leaf,1,0.000199997,0.919634,-0.0922431,2.27319,0.297053,4.90351e-12
394,0.854318,-0.10444,1.9075,1.00305,0.333602,2.32319,5,0,interior,1,0.01015,0.898868,-0.0754537,2.26977,0.0698996,0
395,0.854473,-0.10444,2.22319,0.941795,-0.05451,2.32319,2,2,leaf,1,0.00999999,0.898134,-0.0794748,2.27319,0.0688356,0
396,0.854318,-0.103843,1.9075,1.00305,0.333602,2.22319,3,3,leaf,1,0.000150003,0.947829,0.192613,2.04198,0.123899,4.82039e-12
397,0.920289,0.315465,1.9075,1.00305,0.426703,1.99526,10,0,interior,1,0.0203,0.961581,0.371313,1.95138,0.0517467,0
398,0.920289,0.315465,1.9075,1.00305,0.426703,1.99526,5,0,interior,1,0.01015,0.961442,0.371259,1.95064,0.0517739,0
399,0.920289,0.315465,1.9075,1.00305,0.426385,1.99477,2,2,leaf,1,0.00505,0.960075,0.352557,1.9651,0.0506366,0
400,0.920289,0.333284,1.9075,1.00305,0.426703,1.99526,3,3,leaf,1,0.0051,0.962796,0.389778,1.93631,0.0529755,0
401,0.920289,0.315465,1.9075,1.00305,0.426703,1.99526,5,0,interior,1,0.01015,0.961719,0.371368,1.95212,0.0517196,0
402,0.920289,0.315465,1.99477,0.957601,0.408884,1.99526,2,2,leaf,1,0.000100004,0.938945,0.362175,1.99501,0.260424,0
403,0.920289,0.315783,1.9075,1.00305,0.426703,1.99526,3,3,leaf,1,0.01005,0.961946,0.371459,1.95169,0.0248999,0
404,0.0115316,-0.146648,2.73731,0.777352,0.967749,2.92151,38,0,interior,1,0.0613,0.439657,0.291929,2.81727,0.109606,1.15582e-11
405,0.0303398,-0.146648,2.73731,0.536213,0.0724503,2.84251,19,0,interior,1,0.0356,0.265842,-0.0570073,2.79308,0.155357,1.3886e-12
406,0.0303398,-0.146648,2.7436,0.125398,-0.0823411,2.84251,9,0,interior,1,0.0153,0.0723544,-0.112504,2.7984,0.0526776,1.6725e-11
407,0.0303398,-0.146648,2.7436,0.125398,-0.0823411,2.84235,4,4,leaf,1,0.0101,0.0776642,-0.114851,2.79249,0.0501416,2.00082e-11
408,0.0303398,-0.146648,2.7436,0.117555,-0.0823411,2.84251,5,0,interior,1,0.00519999,0.062041,-0.107945,2.8099,0.0575812,0
409,0.0303398,-0.0968579,2.7436,0.0386742,-0.0823411,2.84251,2,2,leaf,1,9.99978e-05,0.034507,-0.0895995,2.79305,0,0
410,0.0303398,-0.146648,2.74375,0.117555,-0.0823411,2.84251,3,3,leaf,1,0.00509999,0.0625809,-0.108305,2.81023,0.0525796,0
411,0.0386742,-0.146648,2.73731,0.536213,0.0724503,2.84251,10,0,interior,1,0.0203,0.411672,-0.01518,2.78907,0.22895,0
412,0.0386742,-0.146648,2.7436,0.534146,0.0716109,2.84251,5,0,interior,1,0.00519999,0.102498,-0.117667,2.77815,0.0573462,0
413,0.0386742,-0.146648,2.7436,0.125398,-0.0823411,2.84251,2,2,leaf,1,0.00504999,0.0941587,-0.120258,2.77667,0.0500583,0
414,0.117063,-0.146648,2.74375,0.534146,0.0716109,2.84251,3,3,leaf,1,0.000149997,0.38325,-0.0304417,2.82805,0.256803,0
415,0.495591,-0.0214154,2.73731,0.536213,0.0724503,2.83731,5,0,interior,1,0.0151,0.518143,0.0201135,2.79283,0.282538,0
416,0.53322,-0.0214154,2.73731,0.536213,-0.0201998,2.83731,2,2,leaf,1,9.99989e-05,0.534717,-0.0208076,2.78731,0,0
417,0.495591,-0.0214154,2.73731,0.536213,0.0724503,2.83731,3,3,leaf,1,0.015,0.518032,0.0203863,2.79287,0.283912,0
418,0.0115316,-0.020576,2.73731,0.777352,0.967749,2.92151,19,0,interior,1,0.0257,0.680429,0.77528,2.85077,0.0682445,3.37765e-11
419,0.0115316,-0.020576,2.73731,0.77721,0.959821,2.83731,9,0,interior,1,0.00539998,0.504299,0.0718069,2.77141,0.288754,5.05368e-11
420,0.495591,-0.020576,2.73731,0.536213,0.0724503,2.83731,4,4,leaf,1,0.00515,0.50953,0.0409185,2.77032,0.284723,4.72516e-11
421,0.0115316,0.0716109,2.73731,0.77721,0.959821,2.83731,5,0,interior,1,0.000249985,0.396533,0.708144,2.79399,0.26577,5.81761e-11
422,0.012016,0.0716109,2.73731,0.498584,0.82581,2.83731,2,2,leaf,1,9.99921e-05,0.25707,0.432266,2.77433,0,0
423,0.0115316,0.726021,2.77742,0.77721,0.959821,2.82183,3,3,leaf,1,0.000149993,0.489506,0.892056,2.8071,0.249739,6.80488e-11
424,0.677208,0.957032,2.82175,0.777352,0.967749,2.92151,10,0,interior,1,0.0203,0.72728,0.96241,2.87188,0.0162468,2.953e-11
425,0.677208,0.957032,2.82175,0.777352,0.967749,2.92151,5,0,interior,1,0.0151,0.721426,0.962222,2.86612,0.0133036,1.97467e-11
426,0.677208,0.958824,2.82175,0.677368,0.967749,2.92151,2,2,leaf,1,0.000100001,0.677288,0.963286,2.87163,0.325144,0
427,0.677208,0.957032,2.82175,0.777352,0.967749,2.92151,3,3,leaf,1,0.015,0.721721,0.962215,2.86608,0.00657598,2.05189e-11
428,0.67735,0.957032,2.82175,0.777352,0.967749,2.92151,5,0,interior,1,0.0052,0.74428,0.962953,2.8886,0.0241102,1.86266e-11
429,0.67735,0.957032,2.82183,0.777352,0.967749,2.92151,2,2,leaf,1,0.00505,0.74363,0.962953,2.88861,0.00736106,2.00527e-11
430,0.67735,0.957032,2.82175,0.777352,0.966752,2.92151,3,3,leaf,1,0.000150001,0.766186,0.962959,2.88825,0.338165,0
